V,Pa,L/min
1.4,2.5,0.41474
1.6,2.2,0.38087
1.8,3.3,0.49703
2.0,4.5,0.60481
2.2,6.6,0.76483
2.4,9.5,0.9497
2.6,11.5,1.06148
2.8,13.0,1.13921
3.0,16.0,1.28246