fold,r2,rmse
4,0.25324419124839825,0.3784196234110241
