fold,r2,rmse
3,0.2779910557273054,0.31509123195156385
