fold,r2,rmse
0,0.3349902651376063,0.3404778378510023
