fold,r2,rmse
1,0.4648237520313796,0.30151930812312355
