fold,r2,rmse
2,0.4450976735194899,0.297967067253877
