sample_id,std_dev,center_offset,max_val,min_val,status
T1.4V_2025-08-14-16-16-15_21_26_5__1_orig_replay_0,0.25453615188598633,0.2375429524605784,22.935903549194336,21.320322036743164,OK
T1.4V_2025-08-14-16-16-15_21_26_5__1_orig_replay_1,0.25453615188598633,0.2375429524605784,22.935903549194336,21.320322036743164,OK
T1.4V_2025-08-14-16-16-15_21_26_5__1_orig_replay_2,0.25453615188598633,0.2375429524605784,22.935903549194336,21.320322036743164,OK
T1.4V_2025-08-14-16-16-15_21_26_5__1_orig_replay_3,0.25453615188598633,0.2375429524605784,22.935903549194336,21.320322036743164,OK
T1.4V_2025-08-14-16-16-15_21_26_5__1_orig_replay_4,0.25453615188598633,0.2375429524605784,22.935903549194336,21.320322036743164,OK
T1.4V_2025-08-14-16-16-15_21_26_5__1_orig_replay_5,0.25453615188598633,0.2375429524605784,22.935903549194336,21.320322036743164,OK
T1.4V_2025-08-14-16-16-15_21_26_5__1_orig_replay_6,0.25453615188598633,0.2375429524605784,22.935903549194336,21.320322036743164,OK
T1.4V_2025-08-14-16-16-15_21_26_5__1_orig_replay_7,0.25453615188598633,0.2375429524605784,22.935903549194336,21.320322036743164,OK
T1.4V_2025-08-14-16-16-15_21_26_5__1_orig_replay_8,0.25453615188598633,0.2375429524605784,22.935903549194336,21.320322036743164,OK
T1.4V_2025-08-14-16-16-15_21_26_5__1_orig_replay_9,0.25453615188598633,0.2375429524605784,22.935903549194336,21.320322036743164,OK
T1.4V_2025-08-14-16-16-15_21_26_5__1_orig_replay_10,0.25453615188598633,0.2375429524605784,22.935903549194336,21.320322036743164,OK
T1.4V_2025-08-14-16-16-15_21_26_5__2_orig_replay_0,0.16361337900161743,0.8185281147295084,22.908512115478516,21.86186981201172,OK
T1.4V_2025-08-14-16-16-15_21_26_5__2_orig_replay_1,0.16361337900161743,0.8185281147295084,22.908512115478516,21.86186981201172,OK
T1.4V_2025-08-14-16-16-15_21_26_5__2_orig_replay_2,0.16361337900161743,0.8185281147295084,22.908512115478516,21.86186981201172,OK
T1.4V_2025-08-14-16-16-15_21_26_5__2_orig_replay_3,0.16361337900161743,0.8185281147295084,22.908512115478516,21.86186981201172,OK
T1.4V_2025-08-14-16-16-15_21_26_5__2_orig_replay_4,0.16361337900161743,0.8185281147295084,22.908512115478516,21.86186981201172,OK
T1.4V_2025-08-14-16-16-15_21_26_5__2_orig_replay_5,0.16361337900161743,0.8185281147295084,22.908512115478516,21.86186981201172,OK
T1.4V_2025-08-14-16-16-15_21_26_5__2_orig_replay_6,0.16361337900161743,0.8185281147295084,22.908512115478516,21.86186981201172,OK
T1.4V_2025-08-14-16-16-15_21_26_5__2_orig_replay_7,0.16361337900161743,0.8185281147295084,22.908512115478516,21.86186981201172,OK
T1.4V_2025-08-14-16-16-15_21_26_5__2_orig_replay_8,0.16361337900161743,0.8185281147295084,22.908512115478516,21.86186981201172,OK
T1.4V_2025-08-14-16-16-15_21_26_5__2_orig_replay_9,0.16361337900161743,0.8185281147295084,22.908512115478516,21.86186981201172,OK
T1.4V_2025-08-14-16-16-15_21_26_5__2_orig_replay_10,0.16361337900161743,0.8185281147295084,22.908512115478516,21.86186981201172,OK
T1.4V_2025-08-14-15-57-24_21_30_9__1_orig_replay_0,0.28288593888282776,0.2336651363372414,23.509334564208984,21.77875328063965,OK
T1.4V_2025-08-14-15-57-24_21_30_9__1_orig_replay_1,0.28288593888282776,0.2336651363372414,23.509334564208984,21.77875328063965,OK
T1.4V_2025-08-14-15-57-24_21_30_9__1_orig_replay_2,0.28288593888282776,0.2336651363372414,23.509334564208984,21.77875328063965,OK
T1.4V_2025-08-14-15-57-24_21_30_9__1_orig_replay_3,0.28288593888282776,0.2336651363372414,23.509334564208984,21.77875328063965,OK
T1.4V_2025-08-14-15-57-24_21_30_9__1_orig_replay_4,0.28288593888282776,0.2336651363372414,23.509334564208984,21.77875328063965,OK
T1.4V_2025-08-14-15-57-24_21_30_9__1_orig_replay_5,0.28288593888282776,0.2336651363372414,23.509334564208984,21.77875328063965,OK
T1.4V_2025-08-14-15-57-24_21_30_9__1_orig_replay_6,0.28288593888282776,0.2336651363372414,23.509334564208984,21.77875328063965,OK
T1.4V_2025-08-14-15-57-24_21_30_9__1_orig_replay_7,0.28288593888282776,0.2336651363372414,23.509334564208984,21.77875328063965,OK
T1.4V_2025-08-14-15-57-24_21_30_9__1_orig_replay_8,0.28288593888282776,0.2336651363372414,23.509334564208984,21.77875328063965,OK
T1.4V_2025-08-14-15-57-24_21_30_9__1_orig_replay_9,0.28288593888282776,0.2336651363372414,23.509334564208984,21.77875328063965,OK
T1.4V_2025-08-14-15-57-24_21_30_9__1_orig_replay_10,0.28288593888282776,0.2336651363372414,23.509334564208984,21.77875328063965,OK
T1.4V_2025-08-14-15-57-24_21_30_9__2_orig_replay_0,0.1501089632511139,0.8593216949264452,23.332202911376953,22.303951263427734,OK
T1.4V_2025-08-14-15-57-24_21_30_9__2_orig_replay_1,0.1501089632511139,0.8593216949264452,23.332202911376953,22.303951263427734,OK
T1.4V_2025-08-14-15-57-24_21_30_9__2_orig_replay_2,0.1501089632511139,0.8593216949264452,23.332202911376953,22.303951263427734,OK
T1.4V_2025-08-14-15-57-24_21_30_9__2_orig_replay_3,0.1501089632511139,0.8593216949264452,23.332202911376953,22.303951263427734,OK
T1.4V_2025-08-14-15-57-24_21_30_9__2_orig_replay_4,0.1501089632511139,0.8593216949264452,23.332202911376953,22.303951263427734,OK
T1.4V_2025-08-14-15-57-24_21_30_9__2_orig_replay_5,0.1501089632511139,0.8593216949264452,23.332202911376953,22.303951263427734,OK
T1.4V_2025-08-14-15-57-24_21_30_9__2_orig_replay_6,0.1501089632511139,0.8593216949264452,23.332202911376953,22.303951263427734,OK
T1.4V_2025-08-14-15-57-24_21_30_9__2_orig_replay_7,0.1501089632511139,0.8593216949264452,23.332202911376953,22.303951263427734,OK
T1.4V_2025-08-14-15-57-24_21_30_9__2_orig_replay_8,0.1501089632511139,0.8593216949264452,23.332202911376953,22.303951263427734,OK
T1.4V_2025-08-14-15-57-24_21_30_9__2_orig_replay_9,0.1501089632511139,0.8593216949264452,23.332202911376953,22.303951263427734,OK
T1.4V_2025-08-14-15-57-24_21_30_9__2_orig_replay_10,0.1501089632511139,0.8593216949264452,23.332202911376953,22.303951263427734,OK
T1.4V_2025-08-15-18-45-57_21_32_11__1_orig_replay_0,0.26612213253974915,0.34131325384868,23.359472274780273,21.723302841186523,OK
T1.4V_2025-08-15-18-45-57_21_32_11__1_orig_replay_1,0.26612213253974915,0.34131325384868,23.359472274780273,21.723302841186523,OK
T1.4V_2025-08-15-18-45-57_21_32_11__1_orig_replay_2,0.26612213253974915,0.34131325384868,23.359472274780273,21.723302841186523,OK
T1.4V_2025-08-15-18-45-57_21_32_11__1_orig_replay_3,0.26612213253974915,0.34131325384868,23.359472274780273,21.723302841186523,OK
T1.4V_2025-08-15-18-45-57_21_32_11__1_orig_replay_4,0.26612213253974915,0.34131325384868,23.359472274780273,21.723302841186523,OK
T1.4V_2025-08-15-18-45-57_21_32_11__1_orig_replay_5,0.26612213253974915,0.34131325384868,23.359472274780273,21.723302841186523,OK
T1.4V_2025-08-15-18-45-57_21_32_11__1_orig_replay_6,0.26612213253974915,0.34131325384868,23.359472274780273,21.723302841186523,OK
T1.4V_2025-08-15-18-45-57_21_32_11__1_orig_replay_7,0.26612213253974915,0.34131325384868,23.359472274780273,21.723302841186523,OK
T1.4V_2025-08-15-18-45-57_21_32_11__1_orig_replay_8,0.26612213253974915,0.34131325384868,23.359472274780273,21.723302841186523,OK
T1.4V_2025-08-15-18-45-57_21_32_11__1_orig_replay_9,0.26612213253974915,0.34131325384868,23.359472274780273,21.723302841186523,OK
T1.4V_2025-08-15-18-45-57_21_32_11__1_orig_replay_10,0.26612213253974915,0.34131325384868,23.359472274780273,21.723302841186523,OK
T1.4V_2025-08-15-18-45-57_21_32_11__2_orig_replay_0,0.11519395560026169,0.9420109966105005,23.072738647460938,22.221220016479492,OK
T1.4V_2025-08-15-18-45-57_21_32_11__2_orig_replay_1,0.11519395560026169,0.9420109966105005,23.072738647460938,22.221220016479492,OK
T1.4V_2025-08-15-18-45-57_21_32_11__2_orig_replay_2,0.11519395560026169,0.9420109966105005,23.072738647460938,22.221220016479492,OK
T1.4V_2025-08-15-18-45-57_21_32_11__2_orig_replay_3,0.11519395560026169,0.9420109966105005,23.072738647460938,22.221220016479492,OK
T1.4V_2025-08-15-18-45-57_21_32_11__2_orig_replay_4,0.11519395560026169,0.9420109966105005,23.072738647460938,22.221220016479492,OK
T1.4V_2025-08-15-18-45-57_21_32_11__2_orig_replay_5,0.11519395560026169,0.9420109966105005,23.072738647460938,22.221220016479492,OK
T1.4V_2025-08-15-18-45-57_21_32_11__2_orig_replay_6,0.11519395560026169,0.9420109966105005,23.072738647460938,22.221220016479492,OK
T1.4V_2025-08-15-18-45-57_21_32_11__2_orig_replay_7,0.11519395560026169,0.9420109966105005,23.072738647460938,22.221220016479492,OK
T1.4V_2025-08-15-18-45-57_21_32_11__2_orig_replay_8,0.11519395560026169,0.9420109966105005,23.072738647460938,22.221220016479492,OK
T1.4V_2025-08-15-18-45-57_21_32_11__2_orig_replay_9,0.11519395560026169,0.9420109966105005,23.072738647460938,22.221220016479492,OK
T1.4V_2025-08-15-18-45-57_21_32_11__2_orig_replay_10,0.11519395560026169,0.9420109966105005,23.072738647460938,22.221220016479492,OK
T1.6V_2025-08-15-18-32-56_21_28_7__1_orig_replay_0,0.2638857662677765,0.18310790528874132,23.550167083740234,21.944915771484375,OK
T1.6V_2025-08-15-18-32-56_21_28_7__1_orig_replay_1,0.2638857662677765,0.18310790528874132,23.550167083740234,21.944915771484375,OK
T1.6V_2025-08-15-18-32-56_21_28_7__1_orig_replay_2,0.2638857662677765,0.18310790528874132,23.550167083740234,21.944915771484375,OK
T1.6V_2025-08-15-18-32-56_21_28_7__1_orig_replay_3,0.2638857662677765,0.18310790528874132,23.550167083740234,21.944915771484375,OK
T1.6V_2025-08-15-18-32-56_21_28_7__1_orig_replay_4,0.2638857662677765,0.18310790528874132,23.550167083740234,21.944915771484375,OK
T1.6V_2025-08-15-18-32-56_21_28_7__1_orig_replay_5,0.2638857662677765,0.18310790528874132,23.550167083740234,21.944915771484375,OK
T1.6V_2025-08-15-18-32-56_21_28_7__1_orig_replay_6,0.2638857662677765,0.18310790528874132,23.550167083740234,21.944915771484375,OK
T1.6V_2025-08-15-18-32-56_21_28_7__1_orig_replay_7,0.2638857662677765,0.18310790528874132,23.550167083740234,21.944915771484375,OK
T1.6V_2025-08-15-18-32-56_21_28_7__1_orig_replay_8,0.2638857662677765,0.18310790528874132,23.550167083740234,21.944915771484375,OK
T1.6V_2025-08-15-18-32-56_21_28_7__1_orig_replay_9,0.2638857662677765,0.18310790528874132,23.550167083740234,21.944915771484375,OK
T1.6V_2025-08-15-18-32-56_21_28_7__1_orig_replay_10,0.2638857662677765,0.18310790528874132,23.550167083740234,21.944915771484375,OK
T1.6V_2025-08-15-18-32-56_21_28_7__2_orig_replay_0,0.13677553832530975,0.6435361858081687,23.427616119384766,22.359067916870117,OK
T1.6V_2025-08-15-18-32-56_21_28_7__2_orig_replay_1,0.13677553832530975,0.6435361858081687,23.427616119384766,22.359067916870117,OK
T1.6V_2025-08-15-18-32-56_21_28_7__2_orig_replay_2,0.13677553832530975,0.6435361858081687,23.427616119384766,22.359067916870117,OK
T1.6V_2025-08-15-18-32-56_21_28_7__2_orig_replay_3,0.13677553832530975,0.6435361858081687,23.427616119384766,22.359067916870117,OK
T1.6V_2025-08-15-18-32-56_21_28_7__2_orig_replay_4,0.13677553832530975,0.6435361858081687,23.427616119384766,22.359067916870117,OK
T1.6V_2025-08-15-18-32-56_21_28_7__2_orig_replay_5,0.13677553832530975,0.6435361858081687,23.427616119384766,22.359067916870117,OK
T1.6V_2025-08-15-18-32-56_21_28_7__2_orig_replay_6,0.13677553832530975,0.6435361858081687,23.427616119384766,22.359067916870117,OK
T1.6V_2025-08-15-18-32-56_21_28_7__2_orig_replay_7,0.13677553832530975,0.6435361858081687,23.427616119384766,22.359067916870117,OK
T1.6V_2025-08-15-18-32-56_21_28_7__2_orig_replay_8,0.13677553832530975,0.6435361858081687,23.427616119384766,22.359067916870117,OK
T1.6V_2025-08-15-18-32-56_21_28_7__2_orig_replay_9,0.13677553832530975,0.6435361858081687,23.427616119384766,22.359067916870117,OK
T1.6V_2025-08-15-18-32-56_21_28_7__2_orig_replay_10,0.13677553832530975,0.6435361858081687,23.427616119384766,22.359067916870117,OK
T1.6V_2025-08-14-15-06-52_21_30_9__1_orig_replay_0,0.30467522144317627,0.2046228375348835,23.76764488220215,22.014062881469727,OK
T1.6V_2025-08-14-15-06-52_21_30_9__1_orig_replay_1,0.30467522144317627,0.2046228375348835,23.76764488220215,22.014062881469727,OK
T1.6V_2025-08-14-15-06-52_21_30_9__1_orig_replay_2,0.30467522144317627,0.2046228375348835,23.76764488220215,22.014062881469727,OK
T1.6V_2025-08-14-15-06-52_21_30_9__1_orig_replay_3,0.30467522144317627,0.2046228375348835,23.76764488220215,22.014062881469727,OK
T1.6V_2025-08-14-15-06-52_21_30_9__1_orig_replay_4,0.30467522144317627,0.2046228375348835,23.76764488220215,22.014062881469727,OK
T1.6V_2025-08-14-15-06-52_21_30_9__1_orig_replay_5,0.30467522144317627,0.2046228375348835,23.76764488220215,22.014062881469727,OK
T1.6V_2025-08-14-15-06-52_21_30_9__1_orig_replay_6,0.30467522144317627,0.2046228375348835,23.76764488220215,22.014062881469727,OK
T1.6V_2025-08-14-15-06-52_21_30_9__1_orig_replay_7,0.30467522144317627,0.2046228375348835,23.76764488220215,22.014062881469727,OK
T1.6V_2025-08-14-15-06-52_21_30_9__1_orig_replay_8,0.30467522144317627,0.2046228375348835,23.76764488220215,22.014062881469727,OK
T1.6V_2025-08-14-15-06-52_21_30_9__1_orig_replay_9,0.30467522144317627,0.2046228375348835,23.76764488220215,22.014062881469727,OK
T1.6V_2025-08-14-15-06-52_21_30_9__1_orig_replay_10,0.30467522144317627,0.2046228375348835,23.76764488220215,22.014062881469727,OK
T1.6V_2025-08-14-15-06-52_21_30_9__2_orig_replay_0,0.15563030540943146,0.10905735946075165,23.631772994995117,22.565473556518555,OK
T1.6V_2025-08-14-15-06-52_21_30_9__2_orig_replay_1,0.15563030540943146,0.10905735946075165,23.631772994995117,22.565473556518555,OK
T1.6V_2025-08-14-15-06-52_21_30_9__2_orig_replay_2,0.15563030540943146,0.10905735946075165,23.631772994995117,22.565473556518555,OK
T1.6V_2025-08-14-15-06-52_21_30_9__2_orig_replay_3,0.15563030540943146,0.10905735946075165,23.631772994995117,22.565473556518555,OK
T1.6V_2025-08-14-15-06-52_21_30_9__2_orig_replay_4,0.15563030540943146,0.10905735946075165,23.631772994995117,22.565473556518555,OK
T1.6V_2025-08-14-15-06-52_21_30_9__2_orig_replay_5,0.15563030540943146,0.10905735946075165,23.631772994995117,22.565473556518555,OK
T1.6V_2025-08-14-15-06-52_21_30_9__2_orig_replay_6,0.15563030540943146,0.10905735946075165,23.631772994995117,22.565473556518555,OK
T1.6V_2025-08-14-15-06-52_21_30_9__2_orig_replay_7,0.15563030540943146,0.10905735946075165,23.631772994995117,22.565473556518555,OK
T1.6V_2025-08-14-15-06-52_21_30_9__2_orig_replay_8,0.15563030540943146,0.10905735946075165,23.631772994995117,22.565473556518555,OK
T1.6V_2025-08-14-15-06-52_21_30_9__2_orig_replay_9,0.15563030540943146,0.10905735946075165,23.631772994995117,22.565473556518555,OK
T1.6V_2025-08-14-15-06-52_21_30_9__2_orig_replay_10,0.15563030540943146,0.10905735946075165,23.631772994995117,22.565473556518555,OK
T1.6V_2025-08-14-14-56-37_21_34_13__1_orig_replay_0,0.30511242151260376,0.1900424372133607,23.87619400024414,22.083158493041992,OK
T1.6V_2025-08-14-14-56-37_21_34_13__1_orig_replay_1,0.30511242151260376,0.1900424372133607,23.87619400024414,22.083158493041992,OK
T1.6V_2025-08-14-14-56-37_21_34_13__1_orig_replay_2,0.30511242151260376,0.1900424372133607,23.87619400024414,22.083158493041992,OK
T1.6V_2025-08-14-14-56-37_21_34_13__1_orig_replay_3,0.30511242151260376,0.1900424372133607,23.87619400024414,22.083158493041992,OK
T1.6V_2025-08-14-14-56-37_21_34_13__1_orig_replay_4,0.30511242151260376,0.1900424372133607,23.87619400024414,22.083158493041992,OK
T1.6V_2025-08-14-14-56-37_21_34_13__1_orig_replay_5,0.30511242151260376,0.1900424372133607,23.87619400024414,22.083158493041992,OK
T1.6V_2025-08-14-14-56-37_21_34_13__1_orig_replay_6,0.30511242151260376,0.1900424372133607,23.87619400024414,22.083158493041992,OK
T1.6V_2025-08-14-14-56-37_21_34_13__1_orig_replay_7,0.30511242151260376,0.1900424372133607,23.87619400024414,22.083158493041992,OK
T1.6V_2025-08-14-14-56-37_21_34_13__1_orig_replay_8,0.30511242151260376,0.1900424372133607,23.87619400024414,22.083158493041992,OK
T1.6V_2025-08-14-14-56-37_21_34_13__1_orig_replay_9,0.30511242151260376,0.1900424372133607,23.87619400024414,22.083158493041992,OK
T1.6V_2025-08-14-14-56-37_21_34_13__1_orig_replay_10,0.30511242151260376,0.1900424372133607,23.87619400024414,22.083158493041992,OK
T1.6V_2025-08-14-14-56-37_21_34_13__2_orig_replay_0,0.16115042567253113,0.3894321305811948,23.69973373413086,22.620439529418945,OK
T1.6V_2025-08-14-14-56-37_21_34_13__2_orig_replay_1,0.16115042567253113,0.3894321305811948,23.69973373413086,22.620439529418945,OK
T1.6V_2025-08-14-14-56-37_21_34_13__2_orig_replay_2,0.16115042567253113,0.3894321305811948,23.69973373413086,22.620439529418945,OK
T1.6V_2025-08-14-14-56-37_21_34_13__2_orig_replay_3,0.16115042567253113,0.3894321305811948,23.69973373413086,22.620439529418945,OK
T1.6V_2025-08-14-14-56-37_21_34_13__2_orig_replay_4,0.16115042567253113,0.3894321305811948,23.69973373413086,22.620439529418945,OK
T1.6V_2025-08-14-14-56-37_21_34_13__2_orig_replay_5,0.16115042567253113,0.3894321305811948,23.69973373413086,22.620439529418945,OK
T1.6V_2025-08-14-14-56-37_21_34_13__2_orig_replay_6,0.16115042567253113,0.3894321305811948,23.69973373413086,22.620439529418945,OK
T1.6V_2025-08-14-14-56-37_21_34_13__2_orig_replay_7,0.16115042567253113,0.3894321305811948,23.69973373413086,22.620439529418945,OK
T1.6V_2025-08-14-14-56-37_21_34_13__2_orig_replay_8,0.16115042567253113,0.3894321305811948,23.69973373413086,22.620439529418945,OK
T1.6V_2025-08-14-14-56-37_21_34_13__2_orig_replay_9,0.16115042567253113,0.3894321305811948,23.69973373413086,22.620439529418945,OK
T1.6V_2025-08-14-14-56-37_21_34_13__2_orig_replay_10,0.16115042567253113,0.3894321305811948,23.69973373413086,22.620439529418945,OK
T1.8V_2025-08-14-14-37-20_21_26_5__1_orig_replay_0,0.26243168115615845,0.5481091725472572,23.68614959716797,22.262590408325195,OK
T1.8V_2025-08-14-14-37-20_21_26_5__1_orig_replay_1,0.26243168115615845,0.5481091725472572,23.68614959716797,22.262590408325195,OK
T1.8V_2025-08-14-14-37-20_21_26_5__1_orig_replay_2,0.26243168115615845,0.5481091725472572,23.68614959716797,22.262590408325195,OK
T1.8V_2025-08-14-14-37-20_21_26_5__1_orig_replay_3,0.26243168115615845,0.5481091725472572,23.68614959716797,22.262590408325195,OK
T1.8V_2025-08-14-14-37-20_21_26_5__1_orig_replay_4,0.26243168115615845,0.5481091725472572,23.68614959716797,22.262590408325195,OK
T1.8V_2025-08-14-14-37-20_21_26_5__1_orig_replay_5,0.26243168115615845,0.5481091725472572,23.68614959716797,22.262590408325195,OK
T1.8V_2025-08-14-14-37-20_21_26_5__1_orig_replay_6,0.26243168115615845,0.5481091725472572,23.68614959716797,22.262590408325195,OK
T1.8V_2025-08-14-14-37-20_21_26_5__1_orig_replay_7,0.26243168115615845,0.5481091725472572,23.68614959716797,22.262590408325195,OK
T1.8V_2025-08-14-14-37-20_21_26_5__1_orig_replay_8,0.26243168115615845,0.5481091725472572,23.68614959716797,22.262590408325195,OK
T1.8V_2025-08-14-14-37-20_21_26_5__1_orig_replay_9,0.26243168115615845,0.5481091725472572,23.68614959716797,22.262590408325195,OK
T1.8V_2025-08-14-14-37-20_21_26_5__1_orig_replay_10,0.26243168115615845,0.5481091725472572,23.68614959716797,22.262590408325195,OK
T1.8V_2025-08-14-14-37-20_21_26_5__2_orig_replay_0,0.15860237181186676,0.9928438102958489,23.65896224975586,22.675373077392578,OK
T1.8V_2025-08-14-14-37-20_21_26_5__2_orig_replay_1,0.15860237181186676,0.9928438102958489,23.65896224975586,22.675373077392578,OK
T1.8V_2025-08-14-14-37-20_21_26_5__2_orig_replay_2,0.15860237181186676,0.9928438102958489,23.65896224975586,22.675373077392578,OK
T1.8V_2025-08-14-14-37-20_21_26_5__2_orig_replay_3,0.15860237181186676,0.9928438102958489,23.65896224975586,22.675373077392578,OK
T1.8V_2025-08-14-14-37-20_21_26_5__2_orig_replay_4,0.15860237181186676,0.9928438102958489,23.65896224975586,22.675373077392578,OK
T1.8V_2025-08-14-14-37-20_21_26_5__2_orig_replay_5,0.15860237181186676,0.9928438102958489,23.65896224975586,22.675373077392578,OK
T1.8V_2025-08-14-14-37-20_21_26_5__2_orig_replay_6,0.15860237181186676,0.9928438102958489,23.65896224975586,22.675373077392578,OK
T1.8V_2025-08-14-14-37-20_21_26_5__2_orig_replay_7,0.15860237181186676,0.9928438102958489,23.65896224975586,22.675373077392578,OK
T1.8V_2025-08-14-14-37-20_21_26_5__2_orig_replay_8,0.15860237181186676,0.9928438102958489,23.65896224975586,22.675373077392578,OK
T1.8V_2025-08-14-14-37-20_21_26_5__2_orig_replay_9,0.15860237181186676,0.9928438102958489,23.65896224975586,22.675373077392578,OK
T1.8V_2025-08-14-14-37-20_21_26_5__2_orig_replay_10,0.15860237181186676,0.9928438102958489,23.65896224975586,22.675373077392578,OK
T1.8V_2025-08-15-18-08-25_21_28_7__1_orig_replay_0,0.28911375999450684,0.13441107622697582,23.12742805480957,21.41775131225586,OK
T1.8V_2025-08-15-18-08-25_21_28_7__1_orig_replay_1,0.28911375999450684,0.13441107622697582,23.12742805480957,21.41775131225586,OK
T1.8V_2025-08-15-18-08-25_21_28_7__1_orig_replay_2,0.28911375999450684,0.13441107622697582,23.12742805480957,21.41775131225586,OK
T1.8V_2025-08-15-18-08-25_21_28_7__1_orig_replay_3,0.28911375999450684,0.13441107622697582,23.12742805480957,21.41775131225586,OK
T1.8V_2025-08-15-18-08-25_21_28_7__1_orig_replay_4,0.28911375999450684,0.13441107622697582,23.12742805480957,21.41775131225586,OK
T1.8V_2025-08-15-18-08-25_21_28_7__1_orig_replay_5,0.28911375999450684,0.13441107622697582,23.12742805480957,21.41775131225586,OK
T1.8V_2025-08-15-18-08-25_21_28_7__1_orig_replay_6,0.28911375999450684,0.13441107622697582,23.12742805480957,21.41775131225586,OK
T1.8V_2025-08-15-18-08-25_21_28_7__1_orig_replay_7,0.28911375999450684,0.13441107622697582,23.12742805480957,21.41775131225586,OK
T1.8V_2025-08-15-18-08-25_21_28_7__1_orig_replay_8,0.28911375999450684,0.13441107622697582,23.12742805480957,21.41775131225586,OK
T1.8V_2025-08-15-18-08-25_21_28_7__1_orig_replay_9,0.28911375999450684,0.13441107622697582,23.12742805480957,21.41775131225586,OK
T1.8V_2025-08-15-18-08-25_21_28_7__1_orig_replay_10,0.28911375999450684,0.13441107622697582,23.12742805480957,21.41775131225586,OK
T1.8V_2025-08-15-18-08-25_21_28_7__2_orig_replay_0,0.1736118346452713,0.6680076156366255,23.018035888671875,21.764896392822266,OK
T1.8V_2025-08-15-18-08-25_21_28_7__2_orig_replay_1,0.1736118346452713,0.6680076156366255,23.018035888671875,21.764896392822266,OK
T1.8V_2025-08-15-18-08-25_21_28_7__2_orig_replay_2,0.1736118346452713,0.6680076156366255,23.018035888671875,21.764896392822266,OK
T1.8V_2025-08-15-18-08-25_21_28_7__2_orig_replay_3,0.1736118346452713,0.6680076156366255,23.018035888671875,21.764896392822266,OK
T1.8V_2025-08-15-18-08-25_21_28_7__2_orig_replay_4,0.1736118346452713,0.6680076156366255,23.018035888671875,21.764896392822266,OK
T1.8V_2025-08-15-18-08-25_21_28_7__2_orig_replay_5,0.1736118346452713,0.6680076156366255,23.018035888671875,21.764896392822266,OK
T1.8V_2025-08-15-18-08-25_21_28_7__2_orig_replay_6,0.1736118346452713,0.6680076156366255,23.018035888671875,21.764896392822266,OK
T1.8V_2025-08-15-18-08-25_21_28_7__2_orig_replay_7,0.1736118346452713,0.6680076156366255,23.018035888671875,21.764896392822266,OK
T1.8V_2025-08-15-18-08-25_21_28_7__2_orig_replay_8,0.1736118346452713,0.6680076156366255,23.018035888671875,21.764896392822266,OK
T1.8V_2025-08-15-18-08-25_21_28_7__2_orig_replay_9,0.1736118346452713,0.6680076156366255,23.018035888671875,21.764896392822266,OK
T1.8V_2025-08-15-18-08-25_21_28_7__2_orig_replay_10,0.1736118346452713,0.6680076156366255,23.018035888671875,21.764896392822266,OK
T2.0V_2025-08-14-13-06-37_21_26_5__1_orig_replay_0,0.22094686329364777,0.6118801930919925,23.740476608276367,22.469200134277344,OK
T2.0V_2025-08-14-13-06-37_21_26_5__1_orig_replay_1,0.22094686329364777,0.6118801930919925,23.740476608276367,22.469200134277344,OK
T2.0V_2025-08-14-13-06-37_21_26_5__1_orig_replay_2,0.22094686329364777,0.6118801930919925,23.740476608276367,22.469200134277344,OK
T2.0V_2025-08-14-13-06-37_21_26_5__1_orig_replay_3,0.22094686329364777,0.6118801930919925,23.740476608276367,22.469200134277344,OK
T2.0V_2025-08-14-13-06-37_21_26_5__1_orig_replay_4,0.22094686329364777,0.6118801930919925,23.740476608276367,22.469200134277344,OK
T2.0V_2025-08-14-13-06-37_21_26_5__1_orig_replay_5,0.22094686329364777,0.6118801930919925,23.740476608276367,22.469200134277344,OK
T2.0V_2025-08-14-13-06-37_21_26_5__1_orig_replay_6,0.22094686329364777,0.6118801930919925,23.740476608276367,22.469200134277344,OK
T2.0V_2025-08-14-13-06-37_21_26_5__1_orig_replay_7,0.22094686329364777,0.6118801930919925,23.740476608276367,22.469200134277344,OK
T2.0V_2025-08-14-13-06-37_21_26_5__1_orig_replay_8,0.22094686329364777,0.6118801930919925,23.740476608276367,22.469200134277344,OK
T2.0V_2025-08-14-13-06-37_21_26_5__1_orig_replay_9,0.22094686329364777,0.6118801930919925,23.740476608276367,22.469200134277344,OK
T2.0V_2025-08-14-13-06-37_21_26_5__1_orig_replay_10,0.22094686329364777,0.6118801930919925,23.740476608276367,22.469200134277344,OK
T2.0V_2025-08-14-13-06-37_21_26_5__2_orig_replay_0,0.11991790682077408,1.031278421676089,23.590980529785156,22.730287551879883,OK
T2.0V_2025-08-14-13-06-37_21_26_5__2_orig_replay_1,0.11991790682077408,1.031278421676089,23.590980529785156,22.730287551879883,OK
T2.0V_2025-08-14-13-06-37_21_26_5__2_orig_replay_2,0.11991790682077408,1.031278421676089,23.590980529785156,22.730287551879883,OK
T2.0V_2025-08-14-13-06-37_21_26_5__2_orig_replay_3,0.11991790682077408,1.031278421676089,23.590980529785156,22.730287551879883,OK
T2.0V_2025-08-14-13-06-37_21_26_5__2_orig_replay_4,0.11991790682077408,1.031278421676089,23.590980529785156,22.730287551879883,OK
T2.0V_2025-08-14-13-06-37_21_26_5__2_orig_replay_5,0.11991790682077408,1.031278421676089,23.590980529785156,22.730287551879883,OK
T2.0V_2025-08-14-13-06-37_21_26_5__2_orig_replay_6,0.11991790682077408,1.031278421676089,23.590980529785156,22.730287551879883,OK
T2.0V_2025-08-14-13-06-37_21_26_5__2_orig_replay_7,0.11991790682077408,1.031278421676089,23.590980529785156,22.730287551879883,OK
T2.0V_2025-08-14-13-06-37_21_26_5__2_orig_replay_8,0.11991790682077408,1.031278421676089,23.590980529785156,22.730287551879883,OK
T2.0V_2025-08-14-13-06-37_21_26_5__2_orig_replay_9,0.11991790682077408,1.031278421676089,23.590980529785156,22.730287551879883,OK
T2.0V_2025-08-14-13-06-37_21_26_5__2_orig_replay_10,0.11991790682077408,1.031278421676089,23.590980529785156,22.730287551879883,OK
T2.0V_2025-08-14-12-48-24_21_30_9__1_orig_replay_0,0.2875591516494751,0.16389207903558542,24.106475830078125,22.510469436645508,OK
T2.0V_2025-08-14-12-48-24_21_30_9__1_orig_replay_1,0.2875591516494751,0.16389207903558542,24.106475830078125,22.510469436645508,OK
T2.0V_2025-08-14-12-48-24_21_30_9__1_orig_replay_2,0.2875591516494751,0.16389207903558542,24.106475830078125,22.510469436645508,OK
T2.0V_2025-08-14-12-48-24_21_30_9__1_orig_replay_3,0.2875591516494751,0.16389207903558542,24.106475830078125,22.510469436645508,OK
T2.0V_2025-08-14-12-48-24_21_30_9__1_orig_replay_4,0.2875591516494751,0.16389207903558542,24.106475830078125,22.510469436645508,OK
T2.0V_2025-08-14-12-48-24_21_30_9__1_orig_replay_5,0.2875591516494751,0.16389207903558542,24.106475830078125,22.510469436645508,OK
T2.0V_2025-08-14-12-48-24_21_30_9__1_orig_replay_6,0.2875591516494751,0.16389207903558542,24.106475830078125,22.510469436645508,OK
T2.0V_2025-08-14-12-48-24_21_30_9__1_orig_replay_7,0.2875591516494751,0.16389207903558542,24.106475830078125,22.510469436645508,OK
T2.0V_2025-08-14-12-48-24_21_30_9__1_orig_replay_8,0.2875591516494751,0.16389207903558542,24.106475830078125,22.510469436645508,OK
T2.0V_2025-08-14-12-48-24_21_30_9__1_orig_replay_9,0.2875591516494751,0.16389207903558542,24.106475830078125,22.510469436645508,OK
T2.0V_2025-08-14-12-48-24_21_30_9__1_orig_replay_10,0.2875591516494751,0.16389207903558542,24.106475830078125,22.510469436645508,OK
T2.0V_2025-08-14-12-48-24_21_30_9__2_orig_replay_0,0.14738576114177704,1.1350437245272689,23.740476608276367,22.744003295898438,OK
T2.0V_2025-08-14-12-48-24_21_30_9__2_orig_replay_1,0.14738576114177704,1.1350437245272689,23.740476608276367,22.744003295898438,OK
T2.0V_2025-08-14-12-48-24_21_30_9__2_orig_replay_2,0.14738576114177704,1.1350437245272689,23.740476608276367,22.744003295898438,OK
T2.0V_2025-08-14-12-48-24_21_30_9__2_orig_replay_3,0.14738576114177704,1.1350437245272689,23.740476608276367,22.744003295898438,OK
T2.0V_2025-08-14-12-48-24_21_30_9__2_orig_replay_4,0.14738576114177704,1.1350437245272689,23.740476608276367,22.744003295898438,OK
T2.0V_2025-08-14-12-48-24_21_30_9__2_orig_replay_5,0.14738576114177704,1.1350437245272689,23.740476608276367,22.744003295898438,OK
T2.0V_2025-08-14-12-48-24_21_30_9__2_orig_replay_6,0.14738576114177704,1.1350437245272689,23.740476608276367,22.744003295898438,OK
T2.0V_2025-08-14-12-48-24_21_30_9__2_orig_replay_7,0.14738576114177704,1.1350437245272689,23.740476608276367,22.744003295898438,OK
T2.0V_2025-08-14-12-48-24_21_30_9__2_orig_replay_8,0.14738576114177704,1.1350437245272689,23.740476608276367,22.744003295898438,OK
T2.0V_2025-08-14-12-48-24_21_30_9__2_orig_replay_9,0.14738576114177704,1.1350437245272689,23.740476608276367,22.744003295898438,OK
T2.0V_2025-08-14-12-48-24_21_30_9__2_orig_replay_10,0.14738576114177704,1.1350437245272689,23.740476608276367,22.744003295898438,OK
T2.0V_2025-08-14-12-38-07_21_34_13__1_orig_replay_0,0.3328268527984619,0.20984693829779785,24.605831146240234,22.7851619720459,OK
T2.0V_2025-08-14-12-38-07_21_34_13__1_orig_replay_1,0.3328268527984619,0.20984693829779785,24.605831146240234,22.7851619720459,OK
T2.0V_2025-08-14-12-38-07_21_34_13__1_orig_replay_2,0.3328268527984619,0.20984693829779785,24.605831146240234,22.7851619720459,OK
T2.0V_2025-08-14-12-38-07_21_34_13__1_orig_replay_3,0.3328268527984619,0.20984693829779785,24.605831146240234,22.7851619720459,OK
T2.0V_2025-08-14-12-38-07_21_34_13__1_orig_replay_4,0.3328268527984619,0.20984693829779785,24.605831146240234,22.7851619720459,OK
T2.0V_2025-08-14-12-38-07_21_34_13__1_orig_replay_5,0.3328268527984619,0.20984693829779785,24.605831146240234,22.7851619720459,OK
T2.0V_2025-08-14-12-38-07_21_34_13__1_orig_replay_6,0.3328268527984619,0.20984693829779785,24.605831146240234,22.7851619720459,OK
T2.0V_2025-08-14-12-38-07_21_34_13__1_orig_replay_7,0.3328268527984619,0.20984693829779785,24.605831146240234,22.7851619720459,OK
T2.0V_2025-08-14-12-38-07_21_34_13__1_orig_replay_8,0.3328268527984619,0.20984693829779785,24.605831146240234,22.7851619720459,OK
T2.0V_2025-08-14-12-38-07_21_34_13__1_orig_replay_9,0.3328268527984619,0.20984693829779785,24.605831146240234,22.7851619720459,OK
T2.0V_2025-08-14-12-38-07_21_34_13__1_orig_replay_10,0.3328268527984619,0.20984693829779785,24.605831146240234,22.7851619720459,OK
T2.0V_2025-08-14-12-38-07_21_34_13__2_orig_replay_0,0.16648250818252563,1.1263747550181742,24.268712997436523,23.004350662231445,OK
T2.0V_2025-08-14-12-38-07_21_34_13__2_orig_replay_1,0.16648250818252563,1.1263747550181742,24.268712997436523,23.004350662231445,OK
T2.0V_2025-08-14-12-38-07_21_34_13__2_orig_replay_2,0.16648250818252563,1.1263747550181742,24.268712997436523,23.004350662231445,OK
T2.0V_2025-08-14-12-38-07_21_34_13__2_orig_replay_3,0.16648250818252563,1.1263747550181742,24.268712997436523,23.004350662231445,OK
T2.0V_2025-08-14-12-38-07_21_34_13__2_orig_replay_4,0.16648250818252563,1.1263747550181742,24.268712997436523,23.004350662231445,OK
T2.0V_2025-08-14-12-38-07_21_34_13__2_orig_replay_5,0.16648250818252563,1.1263747550181742,24.268712997436523,23.004350662231445,OK
T2.0V_2025-08-14-12-38-07_21_34_13__2_orig_replay_6,0.16648250818252563,1.1263747550181742,24.268712997436523,23.004350662231445,OK
T2.0V_2025-08-14-12-38-07_21_34_13__2_orig_replay_7,0.16648250818252563,1.1263747550181742,24.268712997436523,23.004350662231445,OK
T2.0V_2025-08-14-12-38-07_21_34_13__2_orig_replay_8,0.16648250818252563,1.1263747550181742,24.268712997436523,23.004350662231445,OK
T2.0V_2025-08-14-12-38-07_21_34_13__2_orig_replay_9,0.16648250818252563,1.1263747550181742,24.268712997436523,23.004350662231445,OK
T2.0V_2025-08-14-12-38-07_21_34_13__2_orig_replay_10,0.16648250818252563,1.1263747550181742,24.268712997436523,23.004350662231445,OK
T2.2V_2025-08-15-17-19-03_21_28_7__1_orig_replay_0,0.2925848066806793,0.956326938381115,23.25034523010254,21.570653915405273,OK
T2.2V_2025-08-15-17-19-03_21_28_7__1_orig_replay_1,0.2925848066806793,0.956326938381115,23.25034523010254,21.570653915405273,OK
T2.2V_2025-08-15-17-19-03_21_28_7__1_orig_replay_2,0.2925848066806793,0.956326938381115,23.25034523010254,21.570653915405273,OK
T2.2V_2025-08-15-17-19-03_21_28_7__1_orig_replay_3,0.2925848066806793,0.956326938381115,23.25034523010254,21.570653915405273,OK
T2.2V_2025-08-15-17-19-03_21_28_7__1_orig_replay_4,0.2925848066806793,0.956326938381115,23.25034523010254,21.570653915405273,OK
T2.2V_2025-08-15-17-19-03_21_28_7__1_orig_replay_5,0.2925848066806793,0.956326938381115,23.25034523010254,21.570653915405273,OK
T2.2V_2025-08-15-17-19-03_21_28_7__1_orig_replay_6,0.2925848066806793,0.956326938381115,23.25034523010254,21.570653915405273,OK
T2.2V_2025-08-15-17-19-03_21_28_7__1_orig_replay_7,0.2925848066806793,0.956326938381115,23.25034523010254,21.570653915405273,OK
T2.2V_2025-08-15-17-19-03_21_28_7__1_orig_replay_8,0.2925848066806793,0.956326938381115,23.25034523010254,21.570653915405273,OK
T2.2V_2025-08-15-17-19-03_21_28_7__1_orig_replay_9,0.2925848066806793,0.956326938381115,23.25034523010254,21.570653915405273,OK
T2.2V_2025-08-15-17-19-03_21_28_7__1_orig_replay_10,0.2925848066806793,0.956326938381115,23.25034523010254,21.570653915405273,OK
T2.2V_2025-08-15-17-19-03_21_28_7__2_orig_replay_0,0.19270272552967072,0.6714297888992224,23.168415069580078,21.944915771484375,OK
T2.2V_2025-08-15-17-19-03_21_28_7__2_orig_replay_1,0.19270272552967072,0.6714297888992224,23.168415069580078,21.944915771484375,OK
T2.2V_2025-08-15-17-19-03_21_28_7__2_orig_replay_2,0.19270272552967072,0.6714297888992224,23.168415069580078,21.944915771484375,OK
T2.2V_2025-08-15-17-19-03_21_28_7__2_orig_replay_3,0.19270272552967072,0.6714297888992224,23.168415069580078,21.944915771484375,OK
T2.2V_2025-08-15-17-19-03_21_28_7__2_orig_replay_4,0.19270272552967072,0.6714297888992224,23.168415069580078,21.944915771484375,OK
T2.2V_2025-08-15-17-19-03_21_28_7__2_orig_replay_5,0.19270272552967072,0.6714297888992224,23.168415069580078,21.944915771484375,OK
T2.2V_2025-08-15-17-19-03_21_28_7__2_orig_replay_6,0.19270272552967072,0.6714297888992224,23.168415069580078,21.944915771484375,OK
T2.2V_2025-08-15-17-19-03_21_28_7__2_orig_replay_7,0.19270272552967072,0.6714297888992224,23.168415069580078,21.944915771484375,OK
T2.2V_2025-08-15-17-19-03_21_28_7__2_orig_replay_8,0.19270272552967072,0.6714297888992224,23.168415069580078,21.944915771484375,OK
T2.2V_2025-08-15-17-19-03_21_28_7__2_orig_replay_9,0.19270272552967072,0.6714297888992224,23.168415069580078,21.944915771484375,OK
T2.2V_2025-08-15-17-19-03_21_28_7__2_orig_replay_10,0.19270272552967072,0.6714297888992224,23.168415069580078,21.944915771484375,OK
T2.2V_2025-08-13-17-56-09_21_30_9__1_orig_replay_0,0.3621291518211365,0.3366497165425659,23.645366668701172,21.348169326782227,OK
T2.2V_2025-08-13-17-56-09_21_30_9__1_orig_replay_1,0.3621291518211365,0.3366497165425659,23.645366668701172,21.348169326782227,OK
T2.2V_2025-08-13-17-56-09_21_30_9__1_orig_replay_2,0.3621291518211365,0.3366497165425659,23.645366668701172,21.348169326782227,OK
T2.2V_2025-08-13-17-56-09_21_30_9__1_orig_replay_3,0.3621291518211365,0.3366497165425659,23.645366668701172,21.348169326782227,OK
T2.2V_2025-08-13-17-56-09_21_30_9__1_orig_replay_4,0.3621291518211365,0.3366497165425659,23.645366668701172,21.348169326782227,OK
T2.2V_2025-08-13-17-56-09_21_30_9__1_orig_replay_5,0.3621291518211365,0.3366497165425659,23.645366668701172,21.348169326782227,OK
T2.2V_2025-08-13-17-56-09_21_30_9__1_orig_replay_6,0.3621291518211365,0.3366497165425659,23.645366668701172,21.348169326782227,OK
T2.2V_2025-08-13-17-56-09_21_30_9__1_orig_replay_7,0.3621291518211365,0.3366497165425659,23.645366668701172,21.348169326782227,OK
T2.2V_2025-08-13-17-56-09_21_30_9__1_orig_replay_8,0.3621291518211365,0.3366497165425659,23.645366668701172,21.348169326782227,OK
T2.2V_2025-08-13-17-56-09_21_30_9__1_orig_replay_9,0.3621291518211365,0.3366497165425659,23.645366668701172,21.348169326782227,OK
T2.2V_2025-08-13-17-56-09_21_30_9__1_orig_replay_10,0.3621291518211365,0.3366497165425659,23.645366668701172,21.348169326782227,OK
T2.2V_2025-08-13-17-56-09_21_30_9__2_orig_replay_0,0.26023054122924805,0.7746916283534635,23.53655242919922,21.751028060913086,OK
T2.2V_2025-08-13-17-56-09_21_30_9__2_orig_replay_1,0.26023054122924805,0.7746916283534635,23.53655242919922,21.751028060913086,OK
T2.2V_2025-08-13-17-56-09_21_30_9__2_orig_replay_2,0.26023054122924805,0.7746916283534635,23.53655242919922,21.751028060913086,OK
T2.2V_2025-08-13-17-56-09_21_30_9__2_orig_replay_3,0.26023054122924805,0.7746916283534635,23.53655242919922,21.751028060913086,OK
T2.2V_2025-08-13-17-56-09_21_30_9__2_orig_replay_4,0.26023054122924805,0.7746916283534635,23.53655242919922,21.751028060913086,OK
T2.2V_2025-08-13-17-56-09_21_30_9__2_orig_replay_5,0.26023054122924805,0.7746916283534635,23.53655242919922,21.751028060913086,OK
T2.2V_2025-08-13-17-56-09_21_30_9__2_orig_replay_6,0.26023054122924805,0.7746916283534635,23.53655242919922,21.751028060913086,OK
T2.2V_2025-08-13-17-56-09_21_30_9__2_orig_replay_7,0.26023054122924805,0.7746916283534635,23.53655242919922,21.751028060913086,OK
T2.2V_2025-08-13-17-56-09_21_30_9__2_orig_replay_8,0.26023054122924805,0.7746916283534635,23.53655242919922,21.751028060913086,OK
T2.2V_2025-08-13-17-56-09_21_30_9__2_orig_replay_9,0.26023054122924805,0.7746916283534635,23.53655242919922,21.751028060913086,OK
T2.2V_2025-08-13-17-56-09_21_30_9__2_orig_replay_10,0.26023054122924805,0.7746916283534635,23.53655242919922,21.751028060913086,OK
T2.2V_2025-08-13-17-46-38_21_34_13__1_orig_replay_0,0.3856138586997986,0.341392731928308,23.821929931640625,21.348169326782227,OK
T2.2V_2025-08-13-17-46-38_21_34_13__1_orig_replay_1,0.3856138586997986,0.341392731928308,23.821929931640625,21.348169326782227,OK
T2.2V_2025-08-13-17-46-38_21_34_13__1_orig_replay_2,0.3856138586997986,0.341392731928308,23.821929931640625,21.348169326782227,OK
T2.2V_2025-08-13-17-46-38_21_34_13__1_orig_replay_3,0.3856138586997986,0.341392731928308,23.821929931640625,21.348169326782227,OK
T2.2V_2025-08-13-17-46-38_21_34_13__1_orig_replay_4,0.3856138586997986,0.341392731928308,23.821929931640625,21.348169326782227,OK
T2.2V_2025-08-13-17-46-38_21_34_13__1_orig_replay_5,0.3856138586997986,0.341392731928308,23.821929931640625,21.348169326782227,OK
T2.2V_2025-08-13-17-46-38_21_34_13__1_orig_replay_6,0.3856138586997986,0.341392731928308,23.821929931640625,21.348169326782227,OK
T2.2V_2025-08-13-17-46-38_21_34_13__1_orig_replay_7,0.3856138586997986,0.341392731928308,23.821929931640625,21.348169326782227,OK
T2.2V_2025-08-13-17-46-38_21_34_13__1_orig_replay_8,0.3856138586997986,0.341392731928308,23.821929931640625,21.348169326782227,OK
T2.2V_2025-08-13-17-46-38_21_34_13__1_orig_replay_9,0.3856138586997986,0.341392731928308,23.821929931640625,21.348169326782227,OK
T2.2V_2025-08-13-17-46-38_21_34_13__1_orig_replay_10,0.3856138586997986,0.341392731928308,23.821929931640625,21.348169326782227,OK
T2.2V_2025-08-13-17-46-38_21_34_13__2_orig_replay_0,0.291814386844635,0.848321713362889,23.754060745239258,21.695566177368164,OK
T2.2V_2025-08-13-17-46-38_21_34_13__2_orig_replay_1,0.291814386844635,0.848321713362889,23.754060745239258,21.695566177368164,OK
T2.2V_2025-08-13-17-46-38_21_34_13__2_orig_replay_2,0.291814386844635,0.848321713362889,23.754060745239258,21.695566177368164,OK
T2.2V_2025-08-13-17-46-38_21_34_13__2_orig_replay_3,0.291814386844635,0.848321713362889,23.754060745239258,21.695566177368164,OK
T2.2V_2025-08-13-17-46-38_21_34_13__2_orig_replay_4,0.291814386844635,0.848321713362889,23.754060745239258,21.695566177368164,OK
T2.2V_2025-08-13-17-46-38_21_34_13__2_orig_replay_5,0.291814386844635,0.848321713362889,23.754060745239258,21.695566177368164,OK
T2.2V_2025-08-13-17-46-38_21_34_13__2_orig_replay_6,0.291814386844635,0.848321713362889,23.754060745239258,21.695566177368164,OK
T2.2V_2025-08-13-17-46-38_21_34_13__2_orig_replay_7,0.291814386844635,0.848321713362889,23.754060745239258,21.695566177368164,OK
T2.2V_2025-08-13-17-46-38_21_34_13__2_orig_replay_8,0.291814386844635,0.848321713362889,23.754060745239258,21.695566177368164,OK
T2.2V_2025-08-13-17-46-38_21_34_13__2_orig_replay_9,0.291814386844635,0.848321713362889,23.754060745239258,21.695566177368164,OK
T2.2V_2025-08-13-17-46-38_21_34_13__2_orig_replay_10,0.291814386844635,0.848321713362889,23.754060745239258,21.695566177368164,OK
T2.4V_2025-08-13-17-33-28_21_26_5__1_orig_replay_0,0.31258541345596313,0.24802548594567633,23.263988494873047,21.23672866821289,OK
T2.4V_2025-08-13-17-33-28_21_26_5__1_orig_replay_1,0.31258541345596313,0.24802548594567633,23.263988494873047,21.23672866821289,OK
T2.4V_2025-08-13-17-33-28_21_26_5__1_orig_replay_2,0.31258541345596313,0.24802548594567633,23.263988494873047,21.23672866821289,OK
T2.4V_2025-08-13-17-33-28_21_26_5__1_orig_replay_3,0.31258541345596313,0.24802548594567633,23.263988494873047,21.23672866821289,OK
T2.4V_2025-08-13-17-33-28_21_26_5__1_orig_replay_4,0.31258541345596313,0.24802548594567633,23.263988494873047,21.23672866821289,OK
T2.4V_2025-08-13-17-33-28_21_26_5__1_orig_replay_5,0.31258541345596313,0.24802548594567633,23.263988494873047,21.23672866821289,OK
T2.4V_2025-08-13-17-33-28_21_26_5__1_orig_replay_6,0.31258541345596313,0.24802548594567633,23.263988494873047,21.23672866821289,OK
T2.4V_2025-08-13-17-33-28_21_26_5__1_orig_replay_7,0.31258541345596313,0.24802548594567633,23.263988494873047,21.23672866821289,OK
T2.4V_2025-08-13-17-33-28_21_26_5__1_orig_replay_8,0.31258541345596313,0.24802548594567633,23.263988494873047,21.23672866821289,OK
T2.4V_2025-08-13-17-33-28_21_26_5__1_orig_replay_9,0.31258541345596313,0.24802548594567633,23.263988494873047,21.23672866821289,OK
T2.4V_2025-08-13-17-33-28_21_26_5__1_orig_replay_10,0.31258541345596313,0.24802548594567633,23.263988494873047,21.23672866821289,OK
T2.4V_2025-08-13-17-33-28_21_26_5__2_orig_replay_0,0.23116905987262726,0.0920545001592978,23.37310791015625,21.8480224609375,OK
T2.4V_2025-08-13-17-33-28_21_26_5__2_orig_replay_1,0.23116905987262726,0.0920545001592978,23.37310791015625,21.8480224609375,OK
T2.4V_2025-08-13-17-33-28_21_26_5__2_orig_replay_2,0.23116905987262726,0.0920545001592978,23.37310791015625,21.8480224609375,OK
T2.4V_2025-08-13-17-33-28_21_26_5__2_orig_replay_3,0.23116905987262726,0.0920545001592978,23.37310791015625,21.8480224609375,OK
T2.4V_2025-08-13-17-33-28_21_26_5__2_orig_replay_4,0.23116905987262726,0.0920545001592978,23.37310791015625,21.8480224609375,OK
T2.4V_2025-08-13-17-33-28_21_26_5__2_orig_replay_5,0.23116905987262726,0.0920545001592978,23.37310791015625,21.8480224609375,OK
T2.4V_2025-08-13-17-33-28_21_26_5__2_orig_replay_6,0.23116905987262726,0.0920545001592978,23.37310791015625,21.8480224609375,OK
T2.4V_2025-08-13-17-33-28_21_26_5__2_orig_replay_7,0.23116905987262726,0.0920545001592978,23.37310791015625,21.8480224609375,OK
T2.4V_2025-08-13-17-33-28_21_26_5__2_orig_replay_8,0.23116905987262726,0.0920545001592978,23.37310791015625,21.8480224609375,OK
T2.4V_2025-08-13-17-33-28_21_26_5__2_orig_replay_9,0.23116905987262726,0.0920545001592978,23.37310791015625,21.8480224609375,OK
T2.4V_2025-08-13-17-33-28_21_26_5__2_orig_replay_10,0.23116905987262726,0.0920545001592978,23.37310791015625,21.8480224609375,OK
T2.4V_2025-08-15-16-44-14_21_32_11__1_orig_replay_0,0.34921926259994507,0.26430197919950194,23.577375411987305,21.62618637084961,OK
T2.4V_2025-08-15-16-44-14_21_32_11__1_orig_replay_1,0.34921926259994507,0.26430197919950194,23.577375411987305,21.62618637084961,OK
T2.4V_2025-08-15-16-44-14_21_32_11__1_orig_replay_2,0.34921926259994507,0.26430197919950194,23.577375411987305,21.62618637084961,OK
T2.4V_2025-08-15-16-44-14_21_32_11__1_orig_replay_3,0.34921926259994507,0.26430197919950194,23.577375411987305,21.62618637084961,OK
T2.4V_2025-08-15-16-44-14_21_32_11__1_orig_replay_4,0.34921926259994507,0.26430197919950194,23.577375411987305,21.62618637084961,OK
T2.4V_2025-08-15-16-44-14_21_32_11__1_orig_replay_5,0.34921926259994507,0.26430197919950194,23.577375411987305,21.62618637084961,OK
T2.4V_2025-08-15-16-44-14_21_32_11__1_orig_replay_6,0.34921926259994507,0.26430197919950194,23.577375411987305,21.62618637084961,OK
T2.4V_2025-08-15-16-44-14_21_32_11__1_orig_replay_7,0.34921926259994507,0.26430197919950194,23.577375411987305,21.62618637084961,OK
T2.4V_2025-08-15-16-44-14_21_32_11__1_orig_replay_8,0.34921926259994507,0.26430197919950194,23.577375411987305,21.62618637084961,OK
T2.4V_2025-08-15-16-44-14_21_32_11__1_orig_replay_9,0.34921926259994507,0.26430197919950194,23.577375411987305,21.62618637084961,OK
T2.4V_2025-08-15-16-44-14_21_32_11__1_orig_replay_10,0.34921926259994507,0.26430197919950194,23.577375411987305,21.62618637084961,OK
T2.4V_2025-08-15-16-44-14_21_32_11__2_orig_replay_0,0.24268612265586853,1.1152308474492967,23.400367736816406,22.014062881469727,OK
T2.4V_2025-08-15-16-44-14_21_32_11__2_orig_replay_1,0.24268612265586853,1.1152308474492967,23.400367736816406,22.014062881469727,OK
T2.4V_2025-08-15-16-44-14_21_32_11__2_orig_replay_2,0.24268612265586853,1.1152308474492967,23.400367736816406,22.014062881469727,OK
T2.4V_2025-08-15-16-44-14_21_32_11__2_orig_replay_3,0.24268612265586853,1.1152308474492967,23.400367736816406,22.014062881469727,OK
T2.4V_2025-08-15-16-44-14_21_32_11__2_orig_replay_4,0.24268612265586853,1.1152308474492967,23.400367736816406,22.014062881469727,OK
T2.4V_2025-08-15-16-44-14_21_32_11__2_orig_replay_5,0.24268612265586853,1.1152308474492967,23.400367736816406,22.014062881469727,OK
T2.4V_2025-08-15-16-44-14_21_32_11__2_orig_replay_6,0.24268612265586853,1.1152308474492967,23.400367736816406,22.014062881469727,OK
T2.4V_2025-08-15-16-44-14_21_32_11__2_orig_replay_7,0.24268612265586853,1.1152308474492967,23.400367736816406,22.014062881469727,OK
T2.4V_2025-08-15-16-44-14_21_32_11__2_orig_replay_8,0.24268612265586853,1.1152308474492967,23.400367736816406,22.014062881469727,OK
T2.4V_2025-08-15-16-44-14_21_32_11__2_orig_replay_9,0.24268612265586853,1.1152308474492967,23.400367736816406,22.014062881469727,OK
T2.4V_2025-08-15-16-44-14_21_32_11__2_orig_replay_10,0.24268612265586853,1.1152308474492967,23.400367736816406,22.014062881469727,OK
T2.6V_2025-08-13-16-24-51_21_30_9__1_orig_replay_0,0.36358842253685,0.40050712139264305,23.68614959716797,21.4594783782959,OK
T2.6V_2025-08-13-16-24-51_21_30_9__1_orig_replay_1,0.36358842253685,0.40050712139264305,23.68614959716797,21.4594783782959,OK
T2.6V_2025-08-13-16-24-51_21_30_9__1_orig_replay_2,0.36358842253685,0.40050712139264305,23.68614959716797,21.4594783782959,OK
T2.6V_2025-08-13-16-24-51_21_30_9__1_orig_replay_3,0.36358842253685,0.40050712139264305,23.68614959716797,21.4594783782959,OK
T2.6V_2025-08-13-16-24-51_21_30_9__1_orig_replay_4,0.36358842253685,0.40050712139264305,23.68614959716797,21.4594783782959,OK
T2.6V_2025-08-13-16-24-51_21_30_9__1_orig_replay_5,0.36358842253685,0.40050712139264305,23.68614959716797,21.4594783782959,OK
T2.6V_2025-08-13-16-24-51_21_30_9__1_orig_replay_6,0.36358842253685,0.40050712139264305,23.68614959716797,21.4594783782959,OK
T2.6V_2025-08-13-16-24-51_21_30_9__1_orig_replay_7,0.36358842253685,0.40050712139264305,23.68614959716797,21.4594783782959,OK
T2.6V_2025-08-13-16-24-51_21_30_9__1_orig_replay_8,0.36358842253685,0.40050712139264305,23.68614959716797,21.4594783782959,OK
T2.6V_2025-08-13-16-24-51_21_30_9__1_orig_replay_9,0.36358842253685,0.40050712139264305,23.68614959716797,21.4594783782959,OK
T2.6V_2025-08-13-16-24-51_21_30_9__1_orig_replay_10,0.36358842253685,0.40050712139264305,23.68614959716797,21.4594783782959,OK
T2.6V_2025-08-13-16-24-51_21_30_9__2_orig_replay_0,0.26525846123695374,0.861244334023911,23.740476608276367,21.77875328063965,OK
T2.6V_2025-08-13-16-24-51_21_30_9__2_orig_replay_1,0.26525846123695374,0.861244334023911,23.740476608276367,21.77875328063965,OK
T2.6V_2025-08-13-16-24-51_21_30_9__2_orig_replay_2,0.26525846123695374,0.861244334023911,23.740476608276367,21.77875328063965,OK
T2.6V_2025-08-13-16-24-51_21_30_9__2_orig_replay_3,0.26525846123695374,0.861244334023911,23.740476608276367,21.77875328063965,OK
T2.6V_2025-08-13-16-24-51_21_30_9__2_orig_replay_4,0.26525846123695374,0.861244334023911,23.740476608276367,21.77875328063965,OK
T2.6V_2025-08-13-16-24-51_21_30_9__2_orig_replay_5,0.26525846123695374,0.861244334023911,23.740476608276367,21.77875328063965,OK
T2.6V_2025-08-13-16-24-51_21_30_9__2_orig_replay_6,0.26525846123695374,0.861244334023911,23.740476608276367,21.77875328063965,OK
T2.6V_2025-08-13-16-24-51_21_30_9__2_orig_replay_7,0.26525846123695374,0.861244334023911,23.740476608276367,21.77875328063965,OK
T2.6V_2025-08-13-16-24-51_21_30_9__2_orig_replay_8,0.26525846123695374,0.861244334023911,23.740476608276367,21.77875328063965,OK
T2.6V_2025-08-13-16-24-51_21_30_9__2_orig_replay_9,0.26525846123695374,0.861244334023911,23.740476608276367,21.77875328063965,OK
T2.6V_2025-08-13-16-24-51_21_30_9__2_orig_replay_10,0.26525846123695374,0.861244334023911,23.740476608276367,21.77875328063965,OK
T2.6V_2025-08-13-16-07-01_21_34_13__1_orig_replay_0,0.41650664806365967,0.5035630051199801,24.147066116333008,21.54286766052246,OK
T2.6V_2025-08-13-16-07-01_21_34_13__1_orig_replay_1,0.41650664806365967,0.5035630051199801,24.147066116333008,21.54286766052246,OK
T2.6V_2025-08-13-16-07-01_21_34_13__1_orig_replay_2,0.41650664806365967,0.5035630051199801,24.147066116333008,21.54286766052246,OK
T2.6V_2025-08-13-16-07-01_21_34_13__1_orig_replay_3,0.41650664806365967,0.5035630051199801,24.147066116333008,21.54286766052246,OK
T2.6V_2025-08-13-16-07-01_21_34_13__1_orig_replay_4,0.41650664806365967,0.5035630051199801,24.147066116333008,21.54286766052246,OK
T2.6V_2025-08-13-16-07-01_21_34_13__1_orig_replay_5,0.41650664806365967,0.5035630051199801,24.147066116333008,21.54286766052246,OK
T2.6V_2025-08-13-16-07-01_21_34_13__1_orig_replay_6,0.41650664806365967,0.5035630051199801,24.147066116333008,21.54286766052246,OK
T2.6V_2025-08-13-16-07-01_21_34_13__1_orig_replay_7,0.41650664806365967,0.5035630051199801,24.147066116333008,21.54286766052246,OK
T2.6V_2025-08-13-16-07-01_21_34_13__1_orig_replay_8,0.41650664806365967,0.5035630051199801,24.147066116333008,21.54286766052246,OK
T2.6V_2025-08-13-16-07-01_21_34_13__1_orig_replay_9,0.41650664806365967,0.5035630051199801,24.147066116333008,21.54286766052246,OK
T2.6V_2025-08-13-16-07-01_21_34_13__1_orig_replay_10,0.41650664806365967,0.5035630051199801,24.147066116333008,21.54286766052246,OK
T2.6V_2025-08-13-16-07-01_21_34_13__2_orig_replay_0,0.29106923937797546,0.8358073028341416,23.957536697387695,22.027889251708984,OK
T2.6V_2025-08-13-16-07-01_21_34_13__2_orig_replay_1,0.29106923937797546,0.8358073028341416,23.957536697387695,22.027889251708984,OK
T2.6V_2025-08-13-16-07-01_21_34_13__2_orig_replay_2,0.29106923937797546,0.8358073028341416,23.957536697387695,22.027889251708984,OK
T2.6V_2025-08-13-16-07-01_21_34_13__2_orig_replay_3,0.29106923937797546,0.8358073028341416,23.957536697387695,22.027889251708984,OK
T2.6V_2025-08-13-16-07-01_21_34_13__2_orig_replay_4,0.29106923937797546,0.8358073028341416,23.957536697387695,22.027889251708984,OK
T2.6V_2025-08-13-16-07-01_21_34_13__2_orig_replay_5,0.29106923937797546,0.8358073028341416,23.957536697387695,22.027889251708984,OK
T2.6V_2025-08-13-16-07-01_21_34_13__2_orig_replay_6,0.29106923937797546,0.8358073028341416,23.957536697387695,22.027889251708984,OK
T2.6V_2025-08-13-16-07-01_21_34_13__2_orig_replay_7,0.29106923937797546,0.8358073028341416,23.957536697387695,22.027889251708984,OK
T2.6V_2025-08-13-16-07-01_21_34_13__2_orig_replay_8,0.29106923937797546,0.8358073028341416,23.957536697387695,22.027889251708984,OK
T2.6V_2025-08-13-16-07-01_21_34_13__2_orig_replay_9,0.29106923937797546,0.8358073028341416,23.957536697387695,22.027889251708984,OK
T2.6V_2025-08-13-16-07-01_21_34_13__2_orig_replay_10,0.29106923937797546,0.8358073028341416,23.957536697387695,22.027889251708984,OK
T2.6V_2025-08-15-16-20-18_21_32_13__1_orig_replay_0,0.36082032322883606,0.21531907603091324,23.52294921875,21.528968811035156,OK
T2.6V_2025-08-15-16-20-18_21_32_13__1_orig_replay_1,0.36082032322883606,0.21531907603091324,23.52294921875,21.528968811035156,OK
T2.6V_2025-08-15-16-20-18_21_32_13__1_orig_replay_2,0.36082032322883606,0.21531907603091324,23.52294921875,21.528968811035156,OK
T2.6V_2025-08-15-16-20-18_21_32_13__1_orig_replay_3,0.36082032322883606,0.21531907603091324,23.52294921875,21.528968811035156,OK
T2.6V_2025-08-15-16-20-18_21_32_13__1_orig_replay_4,0.36082032322883606,0.21531907603091324,23.52294921875,21.528968811035156,OK
T2.6V_2025-08-15-16-20-18_21_32_13__1_orig_replay_5,0.36082032322883606,0.21531907603091324,23.52294921875,21.528968811035156,OK
T2.6V_2025-08-15-16-20-18_21_32_13__1_orig_replay_6,0.36082032322883606,0.21531907603091324,23.52294921875,21.528968811035156,OK
T2.6V_2025-08-15-16-20-18_21_32_13__1_orig_replay_7,0.36082032322883606,0.21531907603091324,23.52294921875,21.528968811035156,OK
T2.6V_2025-08-15-16-20-18_21_32_13__1_orig_replay_8,0.36082032322883606,0.21531907603091324,23.52294921875,21.528968811035156,OK
T2.6V_2025-08-15-16-20-18_21_32_13__1_orig_replay_9,0.36082032322883606,0.21531907603091324,23.52294921875,21.528968811035156,OK
T2.6V_2025-08-15-16-20-18_21_32_13__1_orig_replay_10,0.36082032322883606,0.21531907603091324,23.52294921875,21.528968811035156,OK
T2.6V_2025-08-15-16-20-18_21_32_13__2_orig_replay_0,0.254638135433197,0.898381771742997,23.332202911376953,21.90340232849121,OK
T2.6V_2025-08-15-16-20-18_21_32_13__2_orig_replay_1,0.254638135433197,0.898381771742997,23.332202911376953,21.90340232849121,OK
T2.6V_2025-08-15-16-20-18_21_32_13__2_orig_replay_2,0.254638135433197,0.898381771742997,23.332202911376953,21.90340232849121,OK
T2.6V_2025-08-15-16-20-18_21_32_13__2_orig_replay_3,0.254638135433197,0.898381771742997,23.332202911376953,21.90340232849121,OK
T2.6V_2025-08-15-16-20-18_21_32_13__2_orig_replay_4,0.254638135433197,0.898381771742997,23.332202911376953,21.90340232849121,OK
T2.6V_2025-08-15-16-20-18_21_32_13__2_orig_replay_5,0.254638135433197,0.898381771742997,23.332202911376953,21.90340232849121,OK
T2.6V_2025-08-15-16-20-18_21_32_13__2_orig_replay_6,0.254638135433197,0.898381771742997,23.332202911376953,21.90340232849121,OK
T2.6V_2025-08-15-16-20-18_21_32_13__2_orig_replay_7,0.254638135433197,0.898381771742997,23.332202911376953,21.90340232849121,OK
T2.6V_2025-08-15-16-20-18_21_32_13__2_orig_replay_8,0.254638135433197,0.898381771742997,23.332202911376953,21.90340232849121,OK
T2.6V_2025-08-15-16-20-18_21_32_13__2_orig_replay_9,0.254638135433197,0.898381771742997,23.332202911376953,21.90340232849121,OK
T2.6V_2025-08-15-16-20-18_21_32_13__2_orig_replay_10,0.254638135433197,0.898381771742997,23.332202911376953,21.90340232849121,OK
T2.8V_2025-08-13-15-53-27_21_26_5__1_orig_replay_0,0.281694620847702,0.0931702370026559,23.631772994995117,21.806468963623047,OK
T2.8V_2025-08-13-15-53-27_21_26_5__1_orig_replay_1,0.281694620847702,0.0931702370026559,23.631772994995117,21.806468963623047,OK
T2.8V_2025-08-13-15-53-27_21_26_5__1_orig_replay_2,0.281694620847702,0.0931702370026559,23.631772994995117,21.806468963623047,OK
T2.8V_2025-08-13-15-53-27_21_26_5__1_orig_replay_3,0.281694620847702,0.0931702370026559,23.631772994995117,21.806468963623047,OK
T2.8V_2025-08-13-15-53-27_21_26_5__1_orig_replay_4,0.281694620847702,0.0931702370026559,23.631772994995117,21.806468963623047,OK
T2.8V_2025-08-13-15-53-27_21_26_5__1_orig_replay_5,0.281694620847702,0.0931702370026559,23.631772994995117,21.806468963623047,OK
T2.8V_2025-08-13-15-53-27_21_26_5__1_orig_replay_6,0.281694620847702,0.0931702370026559,23.631772994995117,21.806468963623047,OK
T2.8V_2025-08-13-15-53-27_21_26_5__1_orig_replay_7,0.281694620847702,0.0931702370026559,23.631772994995117,21.806468963623047,OK
T2.8V_2025-08-13-15-53-27_21_26_5__1_orig_replay_8,0.281694620847702,0.0931702370026559,23.631772994995117,21.806468963623047,OK
T2.8V_2025-08-13-15-53-27_21_26_5__1_orig_replay_9,0.281694620847702,0.0931702370026559,23.631772994995117,21.806468963623047,OK
T2.8V_2025-08-13-15-53-27_21_26_5__1_orig_replay_10,0.281694620847702,0.0931702370026559,23.631772994995117,21.806468963623047,OK
T2.8V_2025-08-13-15-53-27_21_26_5__2_orig_replay_0,0.20414279401302338,0.8154459688622362,23.645366668701172,22.193614959716797,OK
T2.8V_2025-08-13-15-53-27_21_26_5__2_orig_replay_1,0.20414279401302338,0.8154459688622362,23.645366668701172,22.193614959716797,OK
T2.8V_2025-08-13-15-53-27_21_26_5__2_orig_replay_2,0.20414279401302338,0.8154459688622362,23.645366668701172,22.193614959716797,OK
T2.8V_2025-08-13-15-53-27_21_26_5__2_orig_replay_3,0.20414279401302338,0.8154459688622362,23.645366668701172,22.193614959716797,OK
T2.8V_2025-08-13-15-53-27_21_26_5__2_orig_replay_4,0.20414279401302338,0.8154459688622362,23.645366668701172,22.193614959716797,OK
T2.8V_2025-08-13-15-53-27_21_26_5__2_orig_replay_5,0.20414279401302338,0.8154459688622362,23.645366668701172,22.193614959716797,OK
T2.8V_2025-08-13-15-53-27_21_26_5__2_orig_replay_6,0.20414279401302338,0.8154459688622362,23.645366668701172,22.193614959716797,OK
T2.8V_2025-08-13-15-53-27_21_26_5__2_orig_replay_7,0.20414279401302338,0.8154459688622362,23.645366668701172,22.193614959716797,OK
T2.8V_2025-08-13-15-53-27_21_26_5__2_orig_replay_8,0.20414279401302338,0.8154459688622362,23.645366668701172,22.193614959716797,OK
T2.8V_2025-08-13-15-53-27_21_26_5__2_orig_replay_9,0.20414279401302338,0.8154459688622362,23.645366668701172,22.193614959716797,OK
T2.8V_2025-08-13-15-53-27_21_26_5__2_orig_replay_10,0.20414279401302338,0.8154459688622362,23.645366668701172,22.193614959716797,OK
T2.8V_2025-08-13-15-33-59_21_30_9__1_orig_replay_0,0.34441840648651123,0.3938037316335013,24.551971435546875,22.331514358520508,OK
T2.8V_2025-08-13-15-33-59_21_30_9__1_orig_replay_1,0.34441840648651123,0.3938037316335013,24.551971435546875,22.331514358520508,OK
T2.8V_2025-08-13-15-33-59_21_30_9__1_orig_replay_2,0.34441840648651123,0.3938037316335013,24.551971435546875,22.331514358520508,OK
T2.8V_2025-08-13-15-33-59_21_30_9__1_orig_replay_3,0.34441840648651123,0.3938037316335013,24.551971435546875,22.331514358520508,OK
T2.8V_2025-08-13-15-33-59_21_30_9__1_orig_replay_4,0.34441840648651123,0.3938037316335013,24.551971435546875,22.331514358520508,OK
T2.8V_2025-08-13-15-33-59_21_30_9__1_orig_replay_5,0.34441840648651123,0.3938037316335013,24.551971435546875,22.331514358520508,OK
T2.8V_2025-08-13-15-33-59_21_30_9__1_orig_replay_6,0.34441840648651123,0.3938037316335013,24.551971435546875,22.331514358520508,OK
T2.8V_2025-08-13-15-33-59_21_30_9__1_orig_replay_7,0.34441840648651123,0.3938037316335013,24.551971435546875,22.331514358520508,OK
T2.8V_2025-08-13-15-33-59_21_30_9__1_orig_replay_8,0.34441840648651123,0.3938037316335013,24.551971435546875,22.331514358520508,OK
T2.8V_2025-08-13-15-33-59_21_30_9__1_orig_replay_9,0.34441840648651123,0.3938037316335013,24.551971435546875,22.331514358520508,OK
T2.8V_2025-08-13-15-33-59_21_30_9__1_orig_replay_10,0.34441840648651123,0.3938037316335013,24.551971435546875,22.331514358520508,OK
T2.8V_2025-08-13-15-33-59_21_30_9__2_orig_replay_0,0.24111373722553253,0.8520502753469368,24.417184829711914,22.716562271118164,OK
T2.8V_2025-08-13-15-33-59_21_30_9__2_orig_replay_1,0.24111373722553253,0.8520502753469368,24.417184829711914,22.716562271118164,OK
T2.8V_2025-08-13-15-33-59_21_30_9__2_orig_replay_2,0.24111373722553253,0.8520502753469368,24.417184829711914,22.716562271118164,OK
T2.8V_2025-08-13-15-33-59_21_30_9__2_orig_replay_3,0.24111373722553253,0.8520502753469368,24.417184829711914,22.716562271118164,OK
T2.8V_2025-08-13-15-33-59_21_30_9__2_orig_replay_4,0.24111373722553253,0.8520502753469368,24.417184829711914,22.716562271118164,OK
T2.8V_2025-08-13-15-33-59_21_30_9__2_orig_replay_5,0.24111373722553253,0.8520502753469368,24.417184829711914,22.716562271118164,OK
T2.8V_2025-08-13-15-33-59_21_30_9__2_orig_replay_6,0.24111373722553253,0.8520502753469368,24.417184829711914,22.716562271118164,OK
T2.8V_2025-08-13-15-33-59_21_30_9__2_orig_replay_7,0.24111373722553253,0.8520502753469368,24.417184829711914,22.716562271118164,OK
T2.8V_2025-08-13-15-33-59_21_30_9__2_orig_replay_8,0.24111373722553253,0.8520502753469368,24.417184829711914,22.716562271118164,OK
T2.8V_2025-08-13-15-33-59_21_30_9__2_orig_replay_9,0.24111373722553253,0.8520502753469368,24.417184829711914,22.716562271118164,OK
T2.8V_2025-08-13-15-33-59_21_30_9__2_orig_replay_10,0.24111373722553253,0.8520502753469368,24.417184829711914,22.716562271118164,OK
T2.8V_2025-08-15-15-55-56_21_32_11__1_orig_replay_0,0.36577585339546204,0.307769989731344,23.618179321289062,21.66781997680664,OK
T2.8V_2025-08-15-15-55-56_21_32_11__1_orig_replay_1,0.36577585339546204,0.307769989731344,23.618179321289062,21.66781997680664,OK
T2.8V_2025-08-15-15-55-56_21_32_11__1_orig_replay_2,0.36577585339546204,0.307769989731344,23.618179321289062,21.66781997680664,OK
T2.8V_2025-08-15-15-55-56_21_32_11__1_orig_replay_3,0.36577585339546204,0.307769989731344,23.618179321289062,21.66781997680664,OK
T2.8V_2025-08-15-15-55-56_21_32_11__1_orig_replay_4,0.36577585339546204,0.307769989731344,23.618179321289062,21.66781997680664,OK
T2.8V_2025-08-15-15-55-56_21_32_11__1_orig_replay_5,0.36577585339546204,0.307769989731344,23.618179321289062,21.66781997680664,OK
T2.8V_2025-08-15-15-55-56_21_32_11__1_orig_replay_6,0.36577585339546204,0.307769989731344,23.618179321289062,21.66781997680664,OK
T2.8V_2025-08-15-15-55-56_21_32_11__1_orig_replay_7,0.36577585339546204,0.307769989731344,23.618179321289062,21.66781997680664,OK
T2.8V_2025-08-15-15-55-56_21_32_11__1_orig_replay_8,0.36577585339546204,0.307769989731344,23.618179321289062,21.66781997680664,OK
T2.8V_2025-08-15-15-55-56_21_32_11__1_orig_replay_9,0.36577585339546204,0.307769989731344,23.618179321289062,21.66781997680664,OK
T2.8V_2025-08-15-15-55-56_21_32_11__1_orig_replay_10,0.36577585339546204,0.307769989731344,23.618179321289062,21.66781997680664,OK
T2.8V_2025-08-15-15-55-56_21_32_11__2_orig_replay_0,0.2443716675043106,0.712507550139561,23.468490600585938,22.014062881469727,OK
T2.8V_2025-08-15-15-55-56_21_32_11__2_orig_replay_1,0.2443716675043106,0.712507550139561,23.468490600585938,22.014062881469727,OK
T2.8V_2025-08-15-15-55-56_21_32_11__2_orig_replay_2,0.2443716675043106,0.712507550139561,23.468490600585938,22.014062881469727,OK
T2.8V_2025-08-15-15-55-56_21_32_11__2_orig_replay_3,0.2443716675043106,0.712507550139561,23.468490600585938,22.014062881469727,OK
T2.8V_2025-08-15-15-55-56_21_32_11__2_orig_replay_4,0.2443716675043106,0.712507550139561,23.468490600585938,22.014062881469727,OK
T2.8V_2025-08-15-15-55-56_21_32_11__2_orig_replay_5,0.2443716675043106,0.712507550139561,23.468490600585938,22.014062881469727,OK
T2.8V_2025-08-15-15-55-56_21_32_11__2_orig_replay_6,0.2443716675043106,0.712507550139561,23.468490600585938,22.014062881469727,OK
T2.8V_2025-08-15-15-55-56_21_32_11__2_orig_replay_7,0.2443716675043106,0.712507550139561,23.468490600585938,22.014062881469727,OK
T2.8V_2025-08-15-15-55-56_21_32_11__2_orig_replay_8,0.2443716675043106,0.712507550139561,23.468490600585938,22.014062881469727,OK
T2.8V_2025-08-15-15-55-56_21_32_11__2_orig_replay_9,0.2443716675043106,0.712507550139561,23.468490600585938,22.014062881469727,OK
T2.8V_2025-08-15-15-55-56_21_32_11__2_orig_replay_10,0.2443716675043106,0.712507550139561,23.468490600585938,22.014062881469727,OK
T3.0V_2025-08-13-14-43-44_21_30_9__1_orig_replay_0,0.2506556212902069,1.077952703940078,23.94398307800293,22.345291137695312,OK
T3.0V_2025-08-13-14-43-44_21_30_9__1_orig_replay_1,0.2506556212902069,1.077952703940078,23.94398307800293,22.345291137695312,OK
T3.0V_2025-08-13-14-43-44_21_30_9__1_orig_replay_2,0.2506556212902069,1.077952703940078,23.94398307800293,22.345291137695312,OK
T3.0V_2025-08-13-14-43-44_21_30_9__1_orig_replay_3,0.2506556212902069,1.077952703940078,23.94398307800293,22.345291137695312,OK
T3.0V_2025-08-13-14-43-44_21_30_9__1_orig_replay_4,0.2506556212902069,1.077952703940078,23.94398307800293,22.345291137695312,OK
T3.0V_2025-08-13-14-43-44_21_30_9__1_orig_replay_5,0.2506556212902069,1.077952703940078,23.94398307800293,22.345291137695312,OK
T3.0V_2025-08-13-14-43-44_21_30_9__1_orig_replay_6,0.2506556212902069,1.077952703940078,23.94398307800293,22.345291137695312,OK
T3.0V_2025-08-13-14-43-44_21_30_9__1_orig_replay_7,0.2506556212902069,1.077952703940078,23.94398307800293,22.345291137695312,OK
T3.0V_2025-08-13-14-43-44_21_30_9__1_orig_replay_8,0.2506556212902069,1.077952703940078,23.94398307800293,22.345291137695312,OK
T3.0V_2025-08-13-14-43-44_21_30_9__1_orig_replay_9,0.2506556212902069,1.077952703940078,23.94398307800293,22.345291137695312,OK
T3.0V_2025-08-13-14-43-44_21_30_9__1_orig_replay_10,0.2506556212902069,1.077952703940078,23.94398307800293,22.345291137695312,OK
T3.0V_2025-08-13-14-43-44_21_30_9__2_orig_replay_0,0.4173422157764435,0.7485724790181488,24.16058921813965,22.000234603881836,OK
T3.0V_2025-08-13-14-43-44_21_30_9__2_orig_replay_1,0.4173422157764435,0.7485724790181488,24.16058921813965,22.000234603881836,OK
T3.0V_2025-08-13-14-43-44_21_30_9__2_orig_replay_2,0.4173422157764435,0.7485724790181488,24.16058921813965,22.000234603881836,OK
T3.0V_2025-08-13-14-43-44_21_30_9__2_orig_replay_3,0.4173422157764435,0.7485724790181488,24.16058921813965,22.000234603881836,OK
T3.0V_2025-08-13-14-43-44_21_30_9__2_orig_replay_4,0.4173422157764435,0.7485724790181488,24.16058921813965,22.000234603881836,OK
T3.0V_2025-08-13-14-43-44_21_30_9__2_orig_replay_5,0.4173422157764435,0.7485724790181488,24.16058921813965,22.000234603881836,OK
T3.0V_2025-08-13-14-43-44_21_30_9__2_orig_replay_6,0.4173422157764435,0.7485724790181488,24.16058921813965,22.000234603881836,OK
T3.0V_2025-08-13-14-43-44_21_30_9__2_orig_replay_7,0.4173422157764435,0.7485724790181488,24.16058921813965,22.000234603881836,OK
T3.0V_2025-08-13-14-43-44_21_30_9__2_orig_replay_8,0.4173422157764435,0.7485724790181488,24.16058921813965,22.000234603881836,OK
T3.0V_2025-08-13-14-43-44_21_30_9__2_orig_replay_9,0.4173422157764435,0.7485724790181488,24.16058921813965,22.000234603881836,OK
T3.0V_2025-08-13-14-43-44_21_30_9__2_orig_replay_10,0.4173422157764435,0.7485724790181488,24.16058921813965,22.000234603881836,OK
T3.0V_2025-08-15-15-02-07_21_32_11__1_orig_replay_0,0.2453414797782898,0.14798506354532898,23.889759063720703,22.372844696044922,OK
T3.0V_2025-08-15-15-02-07_21_32_11__1_orig_replay_1,0.2453414797782898,0.14798506354532898,23.889759063720703,22.372844696044922,OK
T3.0V_2025-08-15-15-02-07_21_32_11__1_orig_replay_2,0.2453414797782898,0.14798506354532898,23.889759063720703,22.372844696044922,OK
T3.0V_2025-08-15-15-02-07_21_32_11__1_orig_replay_3,0.2453414797782898,0.14798506354532898,23.889759063720703,22.372844696044922,OK
T3.0V_2025-08-15-15-02-07_21_32_11__1_orig_replay_4,0.2453414797782898,0.14798506354532898,23.889759063720703,22.372844696044922,OK
T3.0V_2025-08-15-15-02-07_21_32_11__1_orig_replay_5,0.2453414797782898,0.14798506354532898,23.889759063720703,22.372844696044922,OK
T3.0V_2025-08-15-15-02-07_21_32_11__1_orig_replay_6,0.2453414797782898,0.14798506354532898,23.889759063720703,22.372844696044922,OK
T3.0V_2025-08-15-15-02-07_21_32_11__1_orig_replay_7,0.2453414797782898,0.14798506354532898,23.889759063720703,22.372844696044922,OK
T3.0V_2025-08-15-15-02-07_21_32_11__1_orig_replay_8,0.2453414797782898,0.14798506354532898,23.889759063720703,22.372844696044922,OK
T3.0V_2025-08-15-15-02-07_21_32_11__1_orig_replay_9,0.2453414797782898,0.14798506354532898,23.889759063720703,22.372844696044922,OK
T3.0V_2025-08-15-15-02-07_21_32_11__1_orig_replay_10,0.2453414797782898,0.14798506354532898,23.889759063720703,22.372844696044922,OK
T3.0V_2025-08-15-15-02-07_21_32_11__2_orig_replay_0,0.17146368324756622,1.0071670828809722,23.90331268310547,22.744003295898438,OK
T3.0V_2025-08-15-15-02-07_21_32_11__2_orig_replay_1,0.17146368324756622,1.0071670828809722,23.90331268310547,22.744003295898438,OK
T3.0V_2025-08-15-15-02-07_21_32_11__2_orig_replay_2,0.17146368324756622,1.0071670828809722,23.90331268310547,22.744003295898438,OK
T3.0V_2025-08-15-15-02-07_21_32_11__2_orig_replay_3,0.17146368324756622,1.0071670828809722,23.90331268310547,22.744003295898438,OK
T3.0V_2025-08-15-15-02-07_21_32_11__2_orig_replay_4,0.17146368324756622,1.0071670828809722,23.90331268310547,22.744003295898438,OK
T3.0V_2025-08-15-15-02-07_21_32_11__2_orig_replay_5,0.17146368324756622,1.0071670828809722,23.90331268310547,22.744003295898438,OK
T3.0V_2025-08-15-15-02-07_21_32_11__2_orig_replay_6,0.17146368324756622,1.0071670828809722,23.90331268310547,22.744003295898438,OK
T3.0V_2025-08-15-15-02-07_21_32_11__2_orig_replay_7,0.17146368324756622,1.0071670828809722,23.90331268310547,22.744003295898438,OK
T3.0V_2025-08-15-15-02-07_21_32_11__2_orig_replay_8,0.17146368324756622,1.0071670828809722,23.90331268310547,22.744003295898438,OK
T3.0V_2025-08-15-15-02-07_21_32_11__2_orig_replay_9,0.17146368324756622,1.0071670828809722,23.90331268310547,22.744003295898438,OK
T3.0V_2025-08-15-15-02-07_21_32_11__2_orig_replay_10,0.17146368324756622,1.0071670828809722,23.90331268310547,22.744003295898438,OK
T3.0V_2025-08-13-14-33-33_21_34_13__1_orig_replay_0,0.4661787748336792,0.15416313147626645,24.794113159179688,22.414154052734375,OK
T3.0V_2025-08-13-14-33-33_21_34_13__1_orig_replay_1,0.4661787748336792,0.15416313147626645,24.794113159179688,22.414154052734375,OK
T3.0V_2025-08-13-14-33-33_21_34_13__1_orig_replay_2,0.4661787748336792,0.15416313147626645,24.794113159179688,22.414154052734375,OK
T3.0V_2025-08-13-14-33-33_21_34_13__1_orig_replay_3,0.4661787748336792,0.15416313147626645,24.794113159179688,22.414154052734375,OK
T3.0V_2025-08-13-14-33-33_21_34_13__1_orig_replay_4,0.4661787748336792,0.15416313147626645,24.794113159179688,22.414154052734375,OK
T3.0V_2025-08-13-14-33-33_21_34_13__1_orig_replay_5,0.4661787748336792,0.15416313147626645,24.794113159179688,22.414154052734375,OK
T3.0V_2025-08-13-14-33-33_21_34_13__1_orig_replay_6,0.4661787748336792,0.15416313147626645,24.794113159179688,22.414154052734375,OK
T3.0V_2025-08-13-14-33-33_21_34_13__1_orig_replay_7,0.4661787748336792,0.15416313147626645,24.794113159179688,22.414154052734375,OK
T3.0V_2025-08-13-14-33-33_21_34_13__1_orig_replay_8,0.4661787748336792,0.15416313147626645,24.794113159179688,22.414154052734375,OK
T3.0V_2025-08-13-14-33-33_21_34_13__1_orig_replay_9,0.4661787748336792,0.15416313147626645,24.794113159179688,22.414154052734375,OK
T3.0V_2025-08-13-14-33-33_21_34_13__1_orig_replay_10,0.4661787748336792,0.15416313147626645,24.794113159179688,22.414154052734375,OK
T3.0V_2025-08-13-14-33-33_21_34_13__2_orig_replay_0,0.2894071936607361,1.3469149373717022,24.444150924682617,22.7851619720459,OK
T3.0V_2025-08-13-14-33-33_21_34_13__2_orig_replay_1,0.2894071936607361,1.3469149373717022,24.444150924682617,22.7851619720459,OK
T3.0V_2025-08-13-14-33-33_21_34_13__2_orig_replay_2,0.2894071936607361,1.3469149373717022,24.444150924682617,22.7851619720459,OK
T3.0V_2025-08-13-14-33-33_21_34_13__2_orig_replay_3,0.2894071936607361,1.3469149373717022,24.444150924682617,22.7851619720459,OK
T3.0V_2025-08-13-14-33-33_21_34_13__2_orig_replay_4,0.2894071936607361,1.3469149373717022,24.444150924682617,22.7851619720459,OK
T3.0V_2025-08-13-14-33-33_21_34_13__2_orig_replay_5,0.2894071936607361,1.3469149373717022,24.444150924682617,22.7851619720459,OK
T3.0V_2025-08-13-14-33-33_21_34_13__2_orig_replay_6,0.2894071936607361,1.3469149373717022,24.444150924682617,22.7851619720459,OK
T3.0V_2025-08-13-14-33-33_21_34_13__2_orig_replay_7,0.2894071936607361,1.3469149373717022,24.444150924682617,22.7851619720459,OK
T3.0V_2025-08-13-14-33-33_21_34_13__2_orig_replay_8,0.2894071936607361,1.3469149373717022,24.444150924682617,22.7851619720459,OK
T3.0V_2025-08-13-14-33-33_21_34_13__2_orig_replay_9,0.2894071936607361,1.3469149373717022,24.444150924682617,22.7851619720459,OK
T3.0V_2025-08-13-14-33-33_21_34_13__2_orig_replay_10,0.2894071936607361,1.3469149373717022,24.444150924682617,22.7851619720459,OK
temp_2025-3-13-17-22-28_21.4_26_4.6__1_orig_replay_0,0.21424101293087006,1.2117442337881343,24.065885543823242,22.496723175048828,OK
temp_2025-3-13-17-22-28_21.4_26_4.6__1_orig_replay_1,0.21424101293087006,1.2117442337881343,24.065885543823242,22.496723175048828,OK
temp_2025-3-13-17-22-28_21.4_26_4.6__1_orig_replay_2,0.21424101293087006,1.2117442337881343,24.065885543823242,22.496723175048828,OK
temp_2025-3-13-17-22-28_21.4_26_4.6__1_orig_replay_3,0.21424101293087006,1.2117442337881343,24.065885543823242,22.496723175048828,OK
temp_2025-3-13-17-22-28_21.4_26_4.6__1_orig_replay_4,0.21424101293087006,1.2117442337881343,24.065885543823242,22.496723175048828,OK
temp_2025-3-13-17-22-28_21.4_26_4.6__1_orig_replay_5,0.21424101293087006,1.2117442337881343,24.065885543823242,22.496723175048828,OK
temp_2025-3-13-17-22-28_21.4_26_4.6__1_orig_replay_6,0.21424101293087006,1.2117442337881343,24.065885543823242,22.496723175048828,OK
temp_2025-3-13-17-22-28_21.4_26_4.6__1_orig_replay_7,0.21424101293087006,1.2117442337881343,24.065885543823242,22.496723175048828,OK
temp_2025-3-13-17-22-28_21.4_26_4.6__1_orig_replay_8,0.21424101293087006,1.2117442337881343,24.065885543823242,22.496723175048828,OK
temp_2025-3-13-17-22-28_21.4_26_4.6__1_orig_replay_9,0.21424101293087006,1.2117442337881343,24.065885543823242,22.496723175048828,OK
temp_2025-3-13-17-22-28_21.4_26_4.6__1_orig_replay_10,0.21424101293087006,1.2117442337881343,24.065885543823242,22.496723175048828,OK
temp_2025-3-13-17-14-30_21.4_27.5_6.1__1_orig_replay_0,0.2543463110923767,1.2280836903930326,24.147066116333008,22.38661003112793,OK
temp_2025-3-13-17-14-30_21.4_27.5_6.1__1_orig_replay_1,0.2543463110923767,1.2280836903930326,24.147066116333008,22.38661003112793,OK
temp_2025-3-13-17-14-30_21.4_27.5_6.1__1_orig_replay_2,0.2543463110923767,1.2280836903930326,24.147066116333008,22.38661003112793,OK
temp_2025-3-13-17-14-30_21.4_27.5_6.1__1_orig_replay_3,0.2543463110923767,1.2280836903930326,24.147066116333008,22.38661003112793,OK
temp_2025-3-13-17-14-30_21.4_27.5_6.1__1_orig_replay_4,0.2543463110923767,1.2280836903930326,24.147066116333008,22.38661003112793,OK
temp_2025-3-13-17-14-30_21.4_27.5_6.1__1_orig_replay_5,0.2543463110923767,1.2280836903930326,24.147066116333008,22.38661003112793,OK
temp_2025-3-13-17-14-30_21.4_27.5_6.1__1_orig_replay_6,0.2543463110923767,1.2280836903930326,24.147066116333008,22.38661003112793,OK
temp_2025-3-13-17-14-30_21.4_27.5_6.1__1_orig_replay_7,0.2543463110923767,1.2280836903930326,24.147066116333008,22.38661003112793,OK
temp_2025-3-13-17-14-30_21.4_27.5_6.1__1_orig_replay_8,0.2543463110923767,1.2280836903930326,24.147066116333008,22.38661003112793,OK
temp_2025-3-13-17-14-30_21.4_27.5_6.1__1_orig_replay_9,0.2543463110923767,1.2280836903930326,24.147066116333008,22.38661003112793,OK
temp_2025-3-13-17-14-30_21.4_27.5_6.1__1_orig_replay_10,0.2543463110923767,1.2280836903930326,24.147066116333008,22.38661003112793,OK
temp_2025-3-13-16-58-29_21.4_32.5_11.1__1_orig_replay_0,0.3157541751861572,0.7953638512875328,24.57889747619629,22.469200134277344,OK
temp_2025-3-13-16-58-29_21.4_32.5_11.1__1_orig_replay_1,0.3157541751861572,0.7953638512875328,24.57889747619629,22.469200134277344,OK
temp_2025-3-13-16-58-29_21.4_32.5_11.1__1_orig_replay_2,0.3157541751861572,0.7953638512875328,24.57889747619629,22.469200134277344,OK
temp_2025-3-13-16-58-29_21.4_32.5_11.1__1_orig_replay_3,0.3157541751861572,0.7953638512875328,24.57889747619629,22.469200134277344,OK
temp_2025-3-13-16-58-29_21.4_32.5_11.1__1_orig_replay_4,0.3157541751861572,0.7953638512875328,24.57889747619629,22.469200134277344,OK
temp_2025-3-13-16-58-29_21.4_32.5_11.1__1_orig_replay_5,0.3157541751861572,0.7953638512875328,24.57889747619629,22.469200134277344,OK
temp_2025-3-13-16-58-29_21.4_32.5_11.1__1_orig_replay_6,0.3157541751861572,0.7953638512875328,24.57889747619629,22.469200134277344,OK
temp_2025-3-13-16-58-29_21.4_32.5_11.1__1_orig_replay_7,0.3157541751861572,0.7953638512875328,24.57889747619629,22.469200134277344,OK
temp_2025-3-13-16-58-29_21.4_32.5_11.1__1_orig_replay_8,0.3157541751861572,0.7953638512875328,24.57889747619629,22.469200134277344,OK
temp_2025-3-13-16-58-29_21.4_32.5_11.1__1_orig_replay_9,0.3157541751861572,0.7953638512875328,24.57889747619629,22.469200134277344,OK
temp_2025-3-13-16-58-29_21.4_32.5_11.1__1_orig_replay_10,0.3157541751861572,0.7953638512875328,24.57889747619629,22.469200134277344,OK
temp_2025-3-13-18-17-30_21.4_26_4.6__1_orig_replay_0,0.2360207587480545,1.2158145492010448,24.092952728271484,22.469200134277344,OK
temp_2025-3-13-18-17-30_21.4_26_4.6__1_orig_replay_1,0.2360207587480545,1.2158145492010448,24.092952728271484,22.469200134277344,OK
temp_2025-3-13-18-17-30_21.4_26_4.6__1_orig_replay_2,0.2360207587480545,1.2158145492010448,24.092952728271484,22.469200134277344,OK
temp_2025-3-13-18-17-30_21.4_26_4.6__1_orig_replay_3,0.2360207587480545,1.2158145492010448,24.092952728271484,22.469200134277344,OK
temp_2025-3-13-18-17-30_21.4_26_4.6__1_orig_replay_4,0.2360207587480545,1.2158145492010448,24.092952728271484,22.469200134277344,OK
temp_2025-3-13-18-17-30_21.4_26_4.6__1_orig_replay_5,0.2360207587480545,1.2158145492010448,24.092952728271484,22.469200134277344,OK
temp_2025-3-13-18-17-30_21.4_26_4.6__1_orig_replay_6,0.2360207587480545,1.2158145492010448,24.092952728271484,22.469200134277344,OK
temp_2025-3-13-18-17-30_21.4_26_4.6__1_orig_replay_7,0.2360207587480545,1.2158145492010448,24.092952728271484,22.469200134277344,OK
temp_2025-3-13-18-17-30_21.4_26_4.6__1_orig_replay_8,0.2360207587480545,1.2158145492010448,24.092952728271484,22.469200134277344,OK
temp_2025-3-13-18-17-30_21.4_26_4.6__1_orig_replay_9,0.2360207587480545,1.2158145492010448,24.092952728271484,22.469200134277344,OK
temp_2025-3-13-18-17-30_21.4_26_4.6__1_orig_replay_10,0.2360207587480545,1.2158145492010448,24.092952728271484,22.469200134277344,OK
temp_2025-3-13-17-57-36_21.4_30_8.6__1_orig_replay_0,0.3270614743232727,0.742171658802024,24.65966033935547,22.579219818115234,OK
temp_2025-3-13-17-57-36_21.4_30_8.6__1_orig_replay_1,0.3270614743232727,0.742171658802024,24.65966033935547,22.579219818115234,OK
temp_2025-3-13-17-57-36_21.4_30_8.6__1_orig_replay_2,0.3270614743232727,0.742171658802024,24.65966033935547,22.579219818115234,OK
temp_2025-3-13-17-57-36_21.4_30_8.6__1_orig_replay_3,0.3270614743232727,0.742171658802024,24.65966033935547,22.579219818115234,OK
temp_2025-3-13-17-57-36_21.4_30_8.6__1_orig_replay_4,0.3270614743232727,0.742171658802024,24.65966033935547,22.579219818115234,OK
temp_2025-3-13-17-57-36_21.4_30_8.6__1_orig_replay_5,0.3270614743232727,0.742171658802024,24.65966033935547,22.579219818115234,OK
temp_2025-3-13-17-57-36_21.4_30_8.6__1_orig_replay_6,0.3270614743232727,0.742171658802024,24.65966033935547,22.579219818115234,OK
temp_2025-3-13-17-57-36_21.4_30_8.6__1_orig_replay_7,0.3270614743232727,0.742171658802024,24.65966033935547,22.579219818115234,OK
temp_2025-3-13-17-57-36_21.4_30_8.6__1_orig_replay_8,0.3270614743232727,0.742171658802024,24.65966033935547,22.579219818115234,OK
temp_2025-3-13-17-57-36_21.4_30_8.6__1_orig_replay_9,0.3270614743232727,0.742171658802024,24.65966033935547,22.579219818115234,OK
temp_2025-3-13-17-57-36_21.4_30_8.6__1_orig_replay_10,0.3270614743232727,0.742171658802024,24.65966033935547,22.579219818115234,OK
temp_2025-3-13-17-50-56_21.4_32.5_11.1__1_orig_replay_0,0.3519481420516968,0.7107639295874256,24.834409713745117,22.551727294921875,OK
temp_2025-3-13-17-50-56_21.4_32.5_11.1__1_orig_replay_1,0.3519481420516968,0.7107639295874256,24.834409713745117,22.551727294921875,OK
temp_2025-3-13-17-50-56_21.4_32.5_11.1__1_orig_replay_2,0.3519481420516968,0.7107639295874256,24.834409713745117,22.551727294921875,OK
temp_2025-3-13-17-50-56_21.4_32.5_11.1__1_orig_replay_3,0.3519481420516968,0.7107639295874256,24.834409713745117,22.551727294921875,OK
temp_2025-3-13-17-50-56_21.4_32.5_11.1__1_orig_replay_4,0.3519481420516968,0.7107639295874256,24.834409713745117,22.551727294921875,OK
temp_2025-3-13-17-50-56_21.4_32.5_11.1__1_orig_replay_5,0.3519481420516968,0.7107639295874256,24.834409713745117,22.551727294921875,OK
temp_2025-3-13-17-50-56_21.4_32.5_11.1__1_orig_replay_6,0.3519481420516968,0.7107639295874256,24.834409713745117,22.551727294921875,OK
temp_2025-3-13-17-50-56_21.4_32.5_11.1__1_orig_replay_7,0.3519481420516968,0.7107639295874256,24.834409713745117,22.551727294921875,OK
temp_2025-3-13-17-50-56_21.4_32.5_11.1__1_orig_replay_8,0.3519481420516968,0.7107639295874256,24.834409713745117,22.551727294921875,OK
temp_2025-3-13-17-50-56_21.4_32.5_11.1__1_orig_replay_9,0.3519481420516968,0.7107639295874256,24.834409713745117,22.551727294921875,OK
temp_2025-3-13-17-50-56_21.4_32.5_11.1__1_orig_replay_10,0.3519481420516968,0.7107639295874256,24.834409713745117,22.551727294921875,OK
temp_2025-3-13-17-45-32_21.4_35_13.6__1_orig_replay_0,0.3750666677951813,0.7545968222466582,25.142837524414062,22.551727294921875,OK
temp_2025-3-13-17-45-32_21.4_35_13.6__1_orig_replay_1,0.3750666677951813,0.7545968222466582,25.142837524414062,22.551727294921875,OK
temp_2025-3-13-17-45-32_21.4_35_13.6__1_orig_replay_2,0.3750666677951813,0.7545968222466582,25.142837524414062,22.551727294921875,OK
temp_2025-3-13-17-45-32_21.4_35_13.6__1_orig_replay_3,0.3750666677951813,0.7545968222466582,25.142837524414062,22.551727294921875,OK
temp_2025-3-13-17-45-32_21.4_35_13.6__1_orig_replay_4,0.3750666677951813,0.7545968222466582,25.142837524414062,22.551727294921875,OK
temp_2025-3-13-17-45-32_21.4_35_13.6__1_orig_replay_5,0.3750666677951813,0.7545968222466582,25.142837524414062,22.551727294921875,OK
temp_2025-3-13-17-45-32_21.4_35_13.6__1_orig_replay_6,0.3750666677951813,0.7545968222466582,25.142837524414062,22.551727294921875,OK
temp_2025-3-13-17-45-32_21.4_35_13.6__1_orig_replay_7,0.3750666677951813,0.7545968222466582,25.142837524414062,22.551727294921875,OK
temp_2025-3-13-17-45-32_21.4_35_13.6__1_orig_replay_8,0.3750666677951813,0.7545968222466582,25.142837524414062,22.551727294921875,OK
temp_2025-3-13-17-45-32_21.4_35_13.6__1_orig_replay_9,0.3750666677951813,0.7545968222466582,25.142837524414062,22.551727294921875,OK
temp_2025-3-13-17-45-32_21.4_35_13.6__1_orig_replay_10,0.3750666677951813,0.7545968222466582,25.142837524414062,22.551727294921875,OK
temp_2025-3-13-18-45-14_21.4_35_13.6__1_orig_replay_0,0.4179912507534027,0.6637140728526959,25.29001235961914,22.414154052734375,OK
temp_2025-3-13-18-45-14_21.4_35_13.6__1_orig_replay_1,0.4179912507534027,0.6637140728526959,25.29001235961914,22.414154052734375,OK
temp_2025-3-13-18-45-14_21.4_35_13.6__1_orig_replay_2,0.4179912507534027,0.6637140728526959,25.29001235961914,22.414154052734375,OK
temp_2025-3-13-18-45-14_21.4_35_13.6__1_orig_replay_3,0.4179912507534027,0.6637140728526959,25.29001235961914,22.414154052734375,OK
temp_2025-3-13-18-45-14_21.4_35_13.6__1_orig_replay_4,0.4179912507534027,0.6637140728526959,25.29001235961914,22.414154052734375,OK
temp_2025-3-13-18-45-14_21.4_35_13.6__1_orig_replay_5,0.4179912507534027,0.6637140728526959,25.29001235961914,22.414154052734375,OK
temp_2025-3-13-18-45-14_21.4_35_13.6__1_orig_replay_6,0.4179912507534027,0.6637140728526959,25.29001235961914,22.414154052734375,OK
temp_2025-3-13-18-45-14_21.4_35_13.6__1_orig_replay_7,0.4179912507534027,0.6637140728526959,25.29001235961914,22.414154052734375,OK
temp_2025-3-13-18-45-14_21.4_35_13.6__1_orig_replay_8,0.4179912507534027,0.6637140728526959,25.29001235961914,22.414154052734375,OK
temp_2025-3-13-18-45-14_21.4_35_13.6__1_orig_replay_9,0.4179912507534027,0.6637140728526959,25.29001235961914,22.414154052734375,OK
temp_2025-3-13-18-45-14_21.4_35_13.6__1_orig_replay_10,0.4179912507534027,0.6637140728526959,25.29001235961914,22.414154052734375,OK
temp_2025-3-13-19-29-6_21.4_26_4.6__1_orig_replay_0,0.2777976989746094,0.8106354665491605,24.33622932434082,22.44167709350586,OK
temp_2025-3-13-19-29-6_21.4_26_4.6__1_orig_replay_1,0.2777976989746094,0.8106354665491605,24.33622932434082,22.44167709350586,OK
temp_2025-3-13-19-29-6_21.4_26_4.6__1_orig_replay_2,0.2777976989746094,0.8106354665491605,24.33622932434082,22.44167709350586,OK
temp_2025-3-13-19-29-6_21.4_26_4.6__1_orig_replay_3,0.2777976989746094,0.8106354665491605,24.33622932434082,22.44167709350586,OK
temp_2025-3-13-19-29-6_21.4_26_4.6__1_orig_replay_4,0.2777976989746094,0.8106354665491605,24.33622932434082,22.44167709350586,OK
temp_2025-3-13-19-29-6_21.4_26_4.6__1_orig_replay_5,0.2777976989746094,0.8106354665491605,24.33622932434082,22.44167709350586,OK
temp_2025-3-13-19-29-6_21.4_26_4.6__1_orig_replay_6,0.2777976989746094,0.8106354665491605,24.33622932434082,22.44167709350586,OK
temp_2025-3-13-19-29-6_21.4_26_4.6__1_orig_replay_7,0.2777976989746094,0.8106354665491605,24.33622932434082,22.44167709350586,OK
temp_2025-3-13-19-29-6_21.4_26_4.6__1_orig_replay_8,0.2777976989746094,0.8106354665491605,24.33622932434082,22.44167709350586,OK
temp_2025-3-13-19-29-6_21.4_26_4.6__1_orig_replay_9,0.2777976989746094,0.8106354665491605,24.33622932434082,22.44167709350586,OK
temp_2025-3-13-19-29-6_21.4_26_4.6__1_orig_replay_10,0.2777976989746094,0.8106354665491605,24.33622932434082,22.44167709350586,OK
temp_2025-3-13-19-1-38_21.4_32.5_11.1__1_orig_replay_0,0.45129677653312683,0.6755499863740884,25.503677368164062,22.565473556518555,OK
temp_2025-3-13-19-1-38_21.4_32.5_11.1__1_orig_replay_1,0.45129677653312683,0.6755499863740884,25.503677368164062,22.565473556518555,OK
temp_2025-3-13-19-1-38_21.4_32.5_11.1__1_orig_replay_2,0.45129677653312683,0.6755499863740884,25.503677368164062,22.565473556518555,OK
temp_2025-3-13-19-1-38_21.4_32.5_11.1__1_orig_replay_3,0.45129677653312683,0.6755499863740884,25.503677368164062,22.565473556518555,OK
temp_2025-3-13-19-1-38_21.4_32.5_11.1__1_orig_replay_4,0.45129677653312683,0.6755499863740884,25.503677368164062,22.565473556518555,OK
temp_2025-3-13-19-1-38_21.4_32.5_11.1__1_orig_replay_5,0.45129677653312683,0.6755499863740884,25.503677368164062,22.565473556518555,OK
temp_2025-3-13-19-1-38_21.4_32.5_11.1__1_orig_replay_6,0.45129677653312683,0.6755499863740884,25.503677368164062,22.565473556518555,OK
temp_2025-3-13-19-1-38_21.4_32.5_11.1__1_orig_replay_7,0.45129677653312683,0.6755499863740884,25.503677368164062,22.565473556518555,OK
temp_2025-3-13-19-1-38_21.4_32.5_11.1__1_orig_replay_8,0.45129677653312683,0.6755499863740884,25.503677368164062,22.565473556518555,OK
temp_2025-3-13-19-1-38_21.4_32.5_11.1__1_orig_replay_9,0.45129677653312683,0.6755499863740884,25.503677368164062,22.565473556518555,OK
temp_2025-3-13-19-1-38_21.4_32.5_11.1__1_orig_replay_10,0.45129677653312683,0.6755499863740884,25.503677368164062,22.565473556518555,OK
temp_2025-3-13-18-55-50_21.4_35_13.6__1_orig_replay_0,0.4892467260360718,0.7203687550229371,25.530359268188477,22.620439529418945,OK
temp_2025-3-13-18-55-50_21.4_35_13.6__1_orig_replay_1,0.4892467260360718,0.7203687550229371,25.530359268188477,22.620439529418945,OK
temp_2025-3-13-18-55-50_21.4_35_13.6__1_orig_replay_2,0.4892467260360718,0.7203687550229371,25.530359268188477,22.620439529418945,OK
temp_2025-3-13-18-55-50_21.4_35_13.6__1_orig_replay_3,0.4892467260360718,0.7203687550229371,25.530359268188477,22.620439529418945,OK
temp_2025-3-13-18-55-50_21.4_35_13.6__1_orig_replay_4,0.4892467260360718,0.7203687550229371,25.530359268188477,22.620439529418945,OK
temp_2025-3-13-18-55-50_21.4_35_13.6__1_orig_replay_5,0.4892467260360718,0.7203687550229371,25.530359268188477,22.620439529418945,OK
temp_2025-3-13-18-55-50_21.4_35_13.6__1_orig_replay_6,0.4892467260360718,0.7203687550229371,25.530359268188477,22.620439529418945,OK
temp_2025-3-13-18-55-50_21.4_35_13.6__1_orig_replay_7,0.4892467260360718,0.7203687550229371,25.530359268188477,22.620439529418945,OK
temp_2025-3-13-18-55-50_21.4_35_13.6__1_orig_replay_8,0.4892467260360718,0.7203687550229371,25.530359268188477,22.620439529418945,OK
temp_2025-3-13-18-55-50_21.4_35_13.6__1_orig_replay_9,0.4892467260360718,0.7203687550229371,25.530359268188477,22.620439529418945,OK
temp_2025-3-13-18-55-50_21.4_35_13.6__1_orig_replay_10,0.4892467260360718,0.7203687550229371,25.530359268188477,22.620439529418945,OK
temp_2025-3-13-20-15-58_21.4_26_4.6__1_orig_replay_0,0.27544695138931274,1.3531482936138688,24.268712997436523,22.44167709350586,OK
temp_2025-3-13-20-15-58_21.4_26_4.6__1_orig_replay_1,0.27544695138931274,1.3531482936138688,24.268712997436523,22.44167709350586,OK
temp_2025-3-13-20-15-58_21.4_26_4.6__1_orig_replay_2,0.27544695138931274,1.3531482936138688,24.268712997436523,22.44167709350586,OK
temp_2025-3-13-20-15-58_21.4_26_4.6__1_orig_replay_3,0.27544695138931274,1.3531482936138688,24.268712997436523,22.44167709350586,OK
temp_2025-3-13-20-15-58_21.4_26_4.6__1_orig_replay_4,0.27544695138931274,1.3531482936138688,24.268712997436523,22.44167709350586,OK
temp_2025-3-13-20-15-58_21.4_26_4.6__1_orig_replay_5,0.27544695138931274,1.3531482936138688,24.268712997436523,22.44167709350586,OK
temp_2025-3-13-20-15-58_21.4_26_4.6__1_orig_replay_6,0.27544695138931274,1.3531482936138688,24.268712997436523,22.44167709350586,OK
temp_2025-3-13-20-15-58_21.4_26_4.6__1_orig_replay_7,0.27544695138931274,1.3531482936138688,24.268712997436523,22.44167709350586,OK
temp_2025-3-13-20-15-58_21.4_26_4.6__1_orig_replay_8,0.27544695138931274,1.3531482936138688,24.268712997436523,22.44167709350586,OK
temp_2025-3-13-20-15-58_21.4_26_4.6__1_orig_replay_9,0.27544695138931274,1.3531482936138688,24.268712997436523,22.44167709350586,OK
temp_2025-3-13-20-15-58_21.4_26_4.6__1_orig_replay_10,0.27544695138931274,1.3531482936138688,24.268712997436523,22.44167709350586,OK
temp_2025-3-13-20-7-13_21.4_27.5_6.1__1_orig_replay_0,0.3219120502471924,1.0685386966663573,24.45763397216797,22.48296546936035,OK
temp_2025-3-13-20-7-13_21.4_27.5_6.1__1_orig_replay_1,0.3219120502471924,1.0685386966663573,24.45763397216797,22.48296546936035,OK
temp_2025-3-13-20-7-13_21.4_27.5_6.1__1_orig_replay_2,0.3219120502471924,1.0685386966663573,24.45763397216797,22.48296546936035,OK
temp_2025-3-13-20-7-13_21.4_27.5_6.1__1_orig_replay_3,0.3219120502471924,1.0685386966663573,24.45763397216797,22.48296546936035,OK
temp_2025-3-13-20-7-13_21.4_27.5_6.1__1_orig_replay_4,0.3219120502471924,1.0685386966663573,24.45763397216797,22.48296546936035,OK
temp_2025-3-13-20-7-13_21.4_27.5_6.1__1_orig_replay_5,0.3219120502471924,1.0685386966663573,24.45763397216797,22.48296546936035,OK
temp_2025-3-13-20-7-13_21.4_27.5_6.1__1_orig_replay_6,0.3219120502471924,1.0685386966663573,24.45763397216797,22.48296546936035,OK
temp_2025-3-13-20-7-13_21.4_27.5_6.1__1_orig_replay_7,0.3219120502471924,1.0685386966663573,24.45763397216797,22.48296546936035,OK
temp_2025-3-13-20-7-13_21.4_27.5_6.1__1_orig_replay_8,0.3219120502471924,1.0685386966663573,24.45763397216797,22.48296546936035,OK
temp_2025-3-13-20-7-13_21.4_27.5_6.1__1_orig_replay_9,0.3219120502471924,1.0685386966663573,24.45763397216797,22.48296546936035,OK
temp_2025-3-13-20-7-13_21.4_27.5_6.1__1_orig_replay_10,0.3219120502471924,1.0685386966663573,24.45763397216797,22.48296546936035,OK
temp_2025-3-13-19-45-15_21.4_35_13.6__1_orig_replay_0,0.4653390645980835,0.6492480070396628,25.503677368164062,22.52422523498535,OK
temp_2025-3-13-19-45-15_21.4_35_13.6__1_orig_replay_1,0.4653390645980835,0.6492480070396628,25.503677368164062,22.52422523498535,OK
temp_2025-3-13-19-45-15_21.4_35_13.6__1_orig_replay_2,0.4653390645980835,0.6492480070396628,25.503677368164062,22.52422523498535,OK
temp_2025-3-13-19-45-15_21.4_35_13.6__1_orig_replay_3,0.4653390645980835,0.6492480070396628,25.503677368164062,22.52422523498535,OK
temp_2025-3-13-19-45-15_21.4_35_13.6__1_orig_replay_4,0.4653390645980835,0.6492480070396628,25.503677368164062,22.52422523498535,OK
temp_2025-3-13-19-45-15_21.4_35_13.6__1_orig_replay_5,0.4653390645980835,0.6492480070396628,25.503677368164062,22.52422523498535,OK
temp_2025-3-13-19-45-15_21.4_35_13.6__1_orig_replay_6,0.4653390645980835,0.6492480070396628,25.503677368164062,22.52422523498535,OK
temp_2025-3-13-19-45-15_21.4_35_13.6__1_orig_replay_7,0.4653390645980835,0.6492480070396628,25.503677368164062,22.52422523498535,OK
temp_2025-3-13-19-45-15_21.4_35_13.6__1_orig_replay_8,0.4653390645980835,0.6492480070396628,25.503677368164062,22.52422523498535,OK
temp_2025-3-13-19-45-15_21.4_35_13.6__1_orig_replay_9,0.4653390645980835,0.6492480070396628,25.503677368164062,22.52422523498535,OK
temp_2025-3-13-19-45-15_21.4_35_13.6__1_orig_replay_10,0.4653390645980835,0.6492480070396628,25.503677368164062,22.52422523498535,OK
T1.4V_2025-08-15-18-58-06_21_28_7__1_orig,0.25716689229011536,0.4383131462444869,23.141084671020508,21.737171173095703,OK
T1.4V_2025-08-15-18-58-06_21_28_7__2_orig,0.11646812409162521,0.927020723711809,22.963285446166992,22.014062881469727,OK
T1.6V_2025-08-14-15-25-44_21_26_5__1_orig,0.24957436323165894,0.23490590208155476,23.359472274780273,21.83417510986328,OK
T1.6V_2025-08-14-15-25-44_21_26_5__2_orig,0.13461114466190338,0.5064272008353099,23.37310791015625,22.40037727355957,OK
T1.8V_2025-08-14-14-16-08_21_30_9__1_orig,0.35056447982788086,0.5601224650154424,24.21466064453125,22.331514358520508,OK
T1.8V_2025-08-14-14-16-08_21_30_9__2_orig,0.18618740141391754,1.2312262885775471,23.930429458618164,22.757728576660156,OK
T1.8V_2025-08-15-17-56-33_21_32_11__1_orig,0.3199954032897949,0.20213772295063095,23.209388732910156,21.306392669677734,OK
T1.8V_2025-08-15-17-56-33_21_32_11__2_orig,0.18871168792247772,0.655516174990888,23.03171157836914,21.723302841186523,OK
T2.0V_2025-08-15-17-32-13_21_32_11__1_orig,0.33530697226524353,0.23689985345466547,23.441251754760742,21.48728370666504,OK
T2.0V_2025-08-15-17-32-13_21_32_11__2_orig,0.21089668571949005,0.6442628262198876,23.182069778442383,21.806468963623047,OK
T2.2V_2025-08-13-18-12-42_21_26_5__1_orig,0.24177925288677216,0.7415797072445935,23.182069778442383,21.4594783782959,OK
T2.2V_2025-08-13-18-12-42_21_26_5__2_orig,0.2898309528827667,0.5808563999745379,23.12742805480957,21.111207962036133,OK
T2.4V_2025-08-13-17-17-12_21_30_9__1_orig,0.37011611461639404,0.3270837484768386,23.49571990966797,21.167024612426758,OK
T2.4V_2025-08-13-17-17-12_21_30_9__2_orig,0.27954578399658203,0.8101767086727846,23.482105255126953,21.48728370666504,OK
T2.6V_2025-08-13-16-41-58_21_26_5__1_orig,0.3032282292842865,0.24803519279807743,23.223045349121094,21.19491195678711,OK
T2.6V_2025-08-13-16-41-58_21_26_5__2_orig,0.2428751438856125,0.7508060492867439,23.291288375854492,21.54286766052246,OK
T2.8V_2025-08-13-15-24-34_21_34_13__1_orig,0.4213216006755829,0.4340742072942411,24.187623977661133,21.598421096801758,OK
T2.8V_2025-08-13-15-24-34_21_34_13__2_orig,0.31264692544937134,0.9088239340575753,24.092952728271484,21.972579956054688,OK
T3.0V_2025-08-13-15-03-01_21_26_5__1_orig,0.22946833074092865,0.8945480424042576,23.441251754760742,21.86186981201172,OK
T3.0V_2025-08-13-15-03-01_21_26_5__2_orig,0.30369165539741516,0.7772419282434301,23.454866409301758,21.48728370666504,OK
temp_2025-3-13-16-53-26_21.4_35_13.6__1_orig,0.3220333755016327,0.8135683906064303,24.713470458984375,22.52422523498535,OK
temp_2025-3-13-19-19-40_21.4_27.5_6.1__1_orig,0.3321983516216278,1.1801310621479784,24.740354537963867,22.551727294921875,OK
temp_2025-3-13-19-57-2_21.4_30_8.6__1_orig,0.3916609287261963,1.0855425757082757,24.75379753112793,22.40037727355957,OK
T1.4V_2025-08-14-15-47-12_21_34_13__1_orig,0.26863521337509155,0.3015552447529318,23.672555923461914,22.12459945678711,OK
T1.4V_2025-08-14-15-47-12_21_34_13__2_orig,0.14624662697315216,0.8229231963829001,23.645366668701172,22.52422523498535,OK
T1.6V_2025-08-15-18-20-33_21_32_11__1_orig,0.29958900809288025,0.17591246994118234,23.263988494873047,21.4594783782959,OK
T1.6V_2025-08-15-18-20-33_21_32_11__2_orig,0.17476794123649597,0.7004838293100641,23.08641242980957,21.83417510986328,OK
T1.8V_2025-08-14-14-05-15_21_34_13__1_orig,0.37764668464660645,0.5923563868951208,24.511554718017578,22.44167709350586,OK
T1.8V_2025-08-14-14-05-15_21_34_13__2_orig,0.20227548480033875,1.5377063522090784,24.038808822631836,22.8262882232666,OK
T2.0V_2025-08-15-17-43-59_21_28_7__1_orig,0.29964008927345276,0.20410219810705094,23.154748916625977,21.44556999206543,OK
T2.0V_2025-08-15-17-43-59_21_28_7__2_orig,0.18340511620044708,0.6700407555351799,23.045387268066406,21.695566177368164,OK
T2.2V_2025-08-15-17-07-32_21_32_11__1_orig,0.33936023712158203,0.3700251263902041,23.468490600585938,21.598421096801758,OK
T2.2V_2025-08-15-17-07-32_21_32_11__2_orig,0.2238662987947464,0.6300998110340569,23.332202911376953,21.986408233642578,OK
T2.4V_2025-08-15-16-56-08_21_28_7__1_orig,0.3040922284126282,0.34925797140279946,23.30492401123047,21.584531784057617,OK
T2.4V_2025-08-15-16-56-08_21_28_7__2_orig,0.19262883067131042,0.7276485545376188,23.209388732910156,22.027889251708984,OK
T2.6V_2025-08-15-16-31-49_21_28_7__1_orig,0.30510643124580383,0.16059840123745528,23.359472274780273,21.570653915405273,OK
T2.6V_2025-08-15-16-31-49_21_28_7__2_orig,0.2026747465133667,0.7253279925027503,23.2366886138916,21.986408233642578,OK
T2.8V_2025-08-15-16-07-07_21_28_7__1_orig,0.30292952060699463,0.2081865746971267,23.41400146484375,21.737171173095703,OK
T2.8V_2025-08-15-16-07-07_21_28_7__2_orig,0.20813816785812378,0.895587451548522,23.332202911376953,22.13840675354004,OK
T3.0V_2025-08-15-15-20-22_21_28_7__1_orig,0.23234637081623077,0.7498715002525306,23.482105255126953,22.13840675354004,OK
T3.0V_2025-08-15-15-20-22_21_28_7__2_orig,0.1589307188987732,0.941994290560859,23.468490600585938,22.38661003112793,OK
temp_2025-3-13-17-4-55_21.4_30_8.6__1_orig,0.2925254702568054,0.803971789171591,24.57889747619629,22.537981033325195,OK
temp_2025-3-13-18-8-23_21.4_27.5_6.1__1_orig,0.276636004447937,0.7295515352831515,24.430667877197266,22.52422523498535,OK
temp_2025-3-13-19-8-43_21.4_30_8.6__1_orig,0.39959678053855896,1.1559409275159638,24.995450973510742,22.647911071777344,OK
temp_2025-3-13-19-50-36_21.4_32.5_11.1__1_orig,0.4334672689437866,0.4258445444336223,25.089271545410156,22.551727294921875,OK
T2.0V_2025-08-14-12-48-24_21_30_9__2_aug_93,0.147643436871783,1.1307888521881058,23.785164963654125,22.689033777448394,OK
T2.2V_2025-08-13-17-46-38_21_34_13__2_aug_76,0.2919661480794936,0.8481376292222848,23.884366922446763,21.674638516692944,OK
T2.8V_2025-08-13-15-33-59_21_30_9__2_aug_63,0.24088432945573734,0.8525668210521432,24.467560598509046,22.662624701133563,OK
temp_2025-3-13-17-50-56_21.4_32.5_11.1__1_aug_3,0.3521504954968367,0.7041126394125974,24.877234684527185,22.475645954339065,OK
T1.4V_2025-08-14-16-16-15_21_26_5__2_aug_33,0.16347070756363427,0.8164083986912192,23.012307432743775,21.787290683505496,OK
T2.4V_2025-08-13-17-33-28_21_26_5__2_aug_92,0.2311664203533871,0.09770415335855905,23.456347232350076,21.758160521295363,OK
T3.0V_2025-08-13-14-33-33_21_34_13__2_aug_14,0.28955780056335184,1.3345877831015416,24.44830220194344,22.694378543606142,OK
T2.0V_2025-08-14-12-38-07_21_34_13__1_aug_96,0.3325093354737863,0.21236136867693262,24.667898908493328,22.721172911698226,OK
T2.0V_2025-08-14-12-38-07_21_34_13__2_aug_65,0.1665248130128945,1.1217684440529017,24.27780601402146,22.928230695452758,OK
T3.0V_2025-08-13-14-43-44_21_30_9__2_aug_87,0.41719943307078655,0.7458715354420545,24.241431290750597,21.936645119033116,OK
T2.6V_2025-08-15-16-20-18_21_32_13__1_aug_65,0.3607282828409404,0.20948785512530274,23.67396211173996,21.472463253139736,OK
temp_2025-3-13-18-45-14_21.4_35_13.6__1_aug_66,0.41808497813991047,0.6611867734628086,25.284380125601245,22.37903526830375,OK
T1.8V_2025-08-14-14-37-20_21_26_5__2_aug_58,0.15890455402271988,0.9983170021034931,23.706230714592458,22.54217298914955,OK
T3.0V_2025-08-13-14-33-33_21_34_13__2_aug_88,0.28920332282577094,1.3546381716866676,24.470247166642572,22.735663111267122,OK
T1.4V_2025-08-15-18-45-57_21_32_11__2_aug_36,0.11499955135799865,0.9572189399810874,23.15163346237997,22.166269524056183,OK
T1.4V_2025-08-15-18-45-57_21_32_11__2_aug_39,0.11478837802204087,0.9331139696733329,23.09974747792574,22.154453613713546,OK
T2.8V_2025-08-13-15-53-27_21_26_5__1_aug_17,0.2818087600482106,0.09309076875014935,23.69323560807913,21.744789741769466,OK
T1.6V_2025-08-14-14-56-37_21_34_13__1_aug_40,0.3053847002606965,0.19514361046082793,23.935758959118665,22.031114722571427,OK
T3.0V_2025-08-13-14-33-33_21_34_13__2_aug_48,0.28966063410892307,1.3258388565593422,24.521503750443987,22.726035486945623,OK
T1.4V_2025-08-14-15-57-24_21_30_9__1_aug_97,0.2830652820442948,0.23185861240839659,23.643504209679413,21.707899172505943,OK
T1.8V_2025-08-15-18-08-25_21_28_7__2_aug_5,0.17340896432777428,0.6678302866863001,23.06883044979393,21.743754404532048,OK
T1.4V_2025-08-14-15-57-24_21_30_9__1_aug_31,0.283361479336797,0.23345926359381886,23.537412491512313,21.675064756313212,OK
T2.8V_2025-08-13-15-33-59_21_30_9__1_aug_48,0.3445982817557799,0.39401464001223113,24.58179836546171,22.253443788729776,OK
T2.0V_2025-08-14-12-38-07_21_34_13__2_aug_69,0.1666059749534795,1.1288787689931665,24.308489636656184,22.95569233052965,OK
T2.8V_2025-08-13-15-33-59_21_30_9__2_aug_74,0.24112834217521723,0.8516851114427882,24.494293897126365,22.62484927286095,OK
T1.4V_2025-08-14-15-57-24_21_30_9__2_aug_25,0.15066190833534882,0.851212744647374,23.3838345486946,22.22314020409339,OK
T2.8V_2025-08-13-15-53-27_21_26_5__2_aug_37,0.20420637699181018,0.8223768104784764,23.661899361775706,22.168168719775526,OK
T2.4V_2025-08-13-17-33-28_21_26_5__2_aug_46,0.23108508345763662,0.08753166334338026,23.406664666136592,21.768170149201367,OK
T1.6V_2025-08-14-15-06-52_21_30_9__2_aug_33,0.15640090661320113,0.10800943811853274,23.659048751116803,22.478748776948102,OK
T2.2V_2025-08-15-17-19-03_21_28_7__2_aug_51,0.1931485652725131,0.6683514016578198,23.231982896351383,21.84992378312984,OK
T2.8V_2025-08-13-15-33-59_21_30_9__2_aug_30,0.2411122209367018,0.8529036792433095,24.4467369075642,22.683763625198328,OK
T2.8V_2025-08-15-15-55-56_21_32_11__2_aug_74,0.244220344901618,0.7115508896897718,23.522621698270758,22.01358046101257,OK
T3.0V_2025-08-15-15-02-07_21_32_11__1_aug_79,0.24498719161109028,0.1434566514520624,23.940442078078995,22.318769819778993,OK
temp_2025-3-13-17-50-56_21.4_32.5_11.1__1_aug_63,0.3522363054949651,0.7137722410486559,24.906783753750556,22.549186920027587,OK
T2.4V_2025-08-13-17-33-28_21_26_5__2_aug_18,0.23159511253212642,0.09004572098665732,23.43191274367818,21.77754361177457,OK
T3.0V_2025-08-15-15-02-07_21_32_11__1_aug_81,0.24528799211598032,0.1507640474143678,23.940642086611827,22.31843539210112,OK
T1.6V_2025-08-15-18-32-56_21_28_7__2_aug_48,0.13743405627976021,0.6449797840225205,23.45273703846016,22.30094735514857,OK
T1.4V_2025-08-14-16-16-15_21_26_5__1_aug_32,0.2542128717691909,0.2359299513064062,23.05262340837015,21.251774436503805,OK
T1.6V_2025-08-14-14-56-37_21_34_13__2_aug_64,0.16071016980246924,0.3885849899974133,23.822358796829107,22.54011751199603,OK
T1.8V_2025-08-15-18-08-25_21_28_7__2_aug_46,0.17378238461666726,0.6689080208378125,23.073026208036108,21.670019805593192,OK
T2.4V_2025-08-15-16-44-14_21_32_11__1_aug_81,0.3490796390587145,0.25537556830608693,23.616112389116168,21.595419305100737,OK
T2.4V_2025-08-13-17-33-28_21_26_5__2_aug_82,0.23165915568861373,0.09288700947093326,23.405009132043375,21.80830045925948,OK
T2.0V_2025-08-14-12-48-24_21_30_9__2_aug_35,0.1476146254205745,1.1216330623210593,23.822129176891636,22.667019236258284,OK
T1.4V_2025-08-14-15-57-24_21_30_9__1_aug_64,0.2826154178243149,0.23823305215092866,23.580340446133533,21.752733822490313,OK
temp_2025-3-13-17-45-32_21.4_35_13.6__1_aug_38,0.37541846529114326,0.75066839202998,25.14424998620736,22.490656943960584,OK
temp_2025-3-13-17-14-30_21.4_27.5_6.1__1_aug_15,0.25411757916205585,1.223225509341602,24.194876102995647,22.322164576325342,OK
temp_2025-3-13-16-58-29_21.4_32.5_11.1__1_aug_20,0.31603557158400547,0.7947556134902214,24.620970883550434,22.42437327455822,OK
T1.4V_2025-08-15-18-45-57_21_32_11__1_aug_87,0.2662848328046025,0.34428048201357303,23.396385104754025,21.697999388559236,OK
T1.8V_2025-08-14-14-37-20_21_26_5__2_aug_16,0.15827349799889875,0.9916073750648913,23.745960820562328,22.622418651316302,OK
T3.0V_2025-08-13-14-33-33_21_34_13__2_aug_71,0.28966908264420893,1.3342523116038134,24.46000721724065,22.703131953284867,OK
T2.8V_2025-08-13-15-53-27_21_26_5__1_aug_16,0.2820044599431699,0.09016533405226554,23.680348358628034,21.739153375392853,OK
T2.2V_2025-08-13-17-56-09_21_30_9__1_aug_64,0.3620603748561862,0.33726924208544085,23.695981146700017,21.28696451822763,OK
T1.6V_2025-08-14-14-56-37_21_34_13__1_aug_75,0.3047024835492677,0.18823801776479235,23.961115851604,22.056981574258007,OK
T1.6V_2025-08-14-15-06-52_21_30_9__2_aug_8,0.15572296657779497,0.10724395567506308,23.70250175300684,22.52980472889119,OK
T1.4V_2025-08-15-18-45-57_21_32_11__2_aug_35,0.11542617515059886,0.9347957869688412,23.142736156227016,22.10277145548705,OK
T2.2V_2025-08-13-17-56-09_21_30_9__1_aug_19,0.3627736888688414,0.3380458775029053,23.671142606187352,21.29096882279031,OK
T1.8V_2025-08-14-14-37-20_21_26_5__2_aug_75,0.15855727897136662,0.9720917281405042,23.722139297806613,22.593201793460423,OK
temp_2025-3-13-18-55-50_21.4_35_13.6__1_aug_2,0.48927122822376556,0.7248139717242598,25.535949306613492,22.6149651278095,OK
T1.6V_2025-08-14-15-06-52_21_30_9__2_aug_58,0.15557346638304514,0.12337445613398143,23.662918870036584,22.504562743508238,OK
T1.4V_2025-08-14-16-16-15_21_26_5__1_aug_97,0.25511035971489066,0.23500606387797182,23.05434158928307,21.262732844788513,OK
T2.8V_2025-08-15-15-55-56_21_32_11__2_aug_18,0.24481204297321865,0.7084033717360161,23.51447343200044,21.996385180283717,OK
T2.0V_2025-08-14-12-48-24_21_30_9__1_aug_84,0.2871950457040976,0.15929042505461982,24.18440957084719,22.40103300753285,OK
T1.4V_2025-08-14-16-16-15_21_26_5__1_aug_24,0.25477467171448,0.2381954216347533,23.040940019071286,21.216903298147596,OK
T1.4V_2025-08-14-15-57-24_21_30_9__2_aug_52,0.14975984627004227,0.8545683513940704,23.392855637343292,22.263220653433294,OK
T3.0V_2025-08-13-14-33-33_21_34_13__2_aug_8,0.2890457361705536,1.3485829450955578,24.453469156346074,22.74857075284169,OK
T1.6V_2025-08-15-18-32-56_21_28_7__2_aug_47,0.13660124335774348,0.6387981128666108,23.46664779991023,22.304691343264764,OK
T2.0V_2025-08-14-12-38-07_21_34_13__2_aug_11,0.16663911556053365,1.1334392205061559,24.269145799424027,22.903953027469527,OK
T3.0V_2025-08-15-15-02-07_21_32_11__1_aug_36,0.24561008004929616,0.14831492095215776,23.909210679852702,22.286778605971275,OK
T3.0V_2025-08-13-14-43-44_21_30_9__2_aug_71,0.4170278998120044,0.7550883895804205,24.205255668616434,21.953215579402645,OK
T1.4V_2025-08-14-16-16-15_21_26_5__2_aug_99,0.16373775788957048,0.8195721040214202,22.97090877229627,21.764668088958903,OK
temp_2025-3-13-17-45-32_21.4_35_13.6__1_aug_7,0.3752852626320054,0.7555302961145282,25.16683808650609,22.48484284494322,OK
T2.2V_2025-08-13-17-56-09_21_30_9__1_aug_100,0.36168564391646096,0.3398586349779557,23.679905533841062,21.309663413437253,OK
temp_2025-3-13-17-57-36_21.4_30_8.6__1_aug_62,0.3272931534846819,0.7383127313438114,24.649019793420283,22.54353416428157,OK
T2.0V_2025-08-14-12-48-24_21_30_9__2_aug_55,0.14708348579433833,1.109011229574138,23.82599778488703,22.679246885347897,OK
T1.6V_2025-08-15-18-32-56_21_28_7__1_aug_84,0.2640372756966952,0.1912818304952541,23.588884038998312,21.914431960782615,OK
T3.0V_2025-08-13-14-43-44_21_30_9__1_aug_32,0.2506478639683583,1.080984877983905,23.972764854339587,22.280710762363338,OK
temp_2025-3-13-19-29-6_21.4_26_4.6__1_aug_17,0.27792938966472547,0.8043651752480779,24.400851455470733,22.43352272933203,OK
T2.8V_2025-08-13-15-33-59_21_30_9__1_aug_94,0.34479407246808025,0.397137586454653,24.624181409478673,22.232532175882717,OK
T1.8V_2025-08-15-18-08-25_21_28_7__2_aug_58,0.1737081362004712,0.6636056367178303,23.08329052817783,21.724040108373718,OK
T2.6V_2025-08-13-16-07-01_21_34_13__1_aug_48,0.4165030059273066,0.5080693537673335,24.22687274671878,21.57075824426424,OK
T2.4V_2025-08-15-16-44-14_21_32_11__2_aug_22,0.24293649852678756,1.1098995398009268,23.49128568835172,21.918301699405884,OK
T3.0V_2025-08-13-14-43-44_21_30_9__2_aug_94,0.41717198814795314,0.7405071299765315,24.23438145507657,21.889004738213796,OK
T3.0V_2025-08-13-14-43-44_21_30_9__2_aug_39,0.41728082594421256,0.7493716339875767,24.205935847698772,21.9372543279598,OK
T1.4V_2025-08-14-15-57-24_21_30_9__1_aug_18,0.2830980524063108,0.23563133618550466,23.59299449026041,21.737086359232155,OK
T2.2V_2025-08-13-17-46-38_21_34_13__2_aug_16,0.29241039896734167,0.8504692056304076,23.81431764808594,21.640178176038948,OK
T2.2V_2025-08-13-17-56-09_21_30_9__2_aug_17,0.26117129086061736,0.7738223340667185,23.616448620793513,21.6376427449131,OK
T2.8V_2025-08-13-15-33-59_21_30_9__1_aug_44,0.3448900984937523,0.39203601979274016,24.593354217600105,22.239073496365005,OK
T1.6V_2025-08-15-18-32-56_21_28_7__2_aug_53,0.13683331915530916,0.6437222177345262,23.47852689291601,22.301566998780096,OK
T3.0V_2025-08-13-14-43-44_21_30_9__2_aug_12,0.4173208685516617,0.7423912636990899,24.212476743207972,21.89827213800966,OK
T2.4V_2025-08-15-16-44-14_21_32_11__2_aug_7,0.24272036575995715,1.1141821960907565,23.42989734791862,21.938846663878483,OK
T2.6V_2025-08-13-16-24-51_21_30_9__2_aug_96,0.2646251195796185,0.8651116895909626,23.77042946524455,21.80382978039651,OK
T2.6V_2025-08-13-16-24-51_21_30_9__2_aug_100,0.2656721011300011,0.8606474494394402,23.774162796402603,21.75622934882431,OK
T2.4V_2025-08-15-16-44-14_21_32_11__2_aug_85,0.2428378234713623,1.1088430121987425,23.44745635197334,21.94363029135335,OK
T1.8V_2025-08-14-14-37-20_21_26_5__2_aug_31,0.15812619624760427,0.992903652416082,23.71314020547462,22.577083144768547,OK
T1.6V_2025-08-15-18-32-56_21_28_7__1_aug_97,0.26397664752560773,0.17721497872697223,23.59529240105159,21.878312127270135,OK
T1.8V_2025-08-14-14-37-20_21_26_5__1_aug_54,0.26232140892731143,0.5490961932780798,23.752700763909946,22.166652313112102,OK
temp_2025-3-13-18-17-30_21.4_26_4.6__1_aug_15,0.23608183025941235,1.2312105848531125,24.14604764110905,22.416655878180862,OK
T2.8V_2025-08-13-15-53-27_21_26_5__1_aug_80,0.2814442536362018,0.0972301792210568,23.662625374447,21.740056508582427,OK
T2.8V_2025-08-15-15-55-56_21_32_11__2_aug_50,0.24461166742891854,0.7101586502313255,23.52994669654661,21.91313945807714,OK
temp_2025-3-13-17-45-32_21.4_35_13.6__1_aug_32,0.3750728389353517,0.7544234533181151,25.088029369626156,22.488512812113928,OK
temp_2025-3-13-19-1-38_21.4_32.5_11.1__1_aug_25,0.45104412730051313,0.6818072707296404,25.46533133008395,22.516080769803278,OK
T1.4V_2025-08-14-15-57-24_21_30_9__1_aug_40,0.2830837396745657,0.23279664926699398,23.559276941452886,21.72368668100392,OK
T2.0V_2025-08-14-13-06-37_21_26_5__1_aug_12,0.22129649439864044,0.6089466853022177,23.800957398821133,22.40738909128203,OK
T2.6V_2025-08-13-16-24-51_21_30_9__1_aug_64,0.363837374436393,0.392263353767103,23.702568462145575,21.38474567050282,OK
T1.4V_2025-08-14-15-57-24_21_30_9__1_aug_48,0.28245260974935676,0.23562566312290734,23.549694181654125,21.73468084442404,OK
T1.8V_2025-08-14-14-37-20_21_26_5__1_aug_16,0.26244773509728375,0.54908550322402,23.804477640714182,22.170950007817606,OK
T2.6V_2025-08-13-16-24-51_21_30_9__2_aug_42,0.26561218513502527,0.8570701477865588,23.872391333868364,21.75985401070674,OK
T2.0V_2025-08-14-12-38-07_21_34_13__1_aug_19,0.3326720798247518,0.19626361808915196,24.642941378649784,22.725993011382748,OK
T1.4V_2025-08-14-16-16-15_21_26_5__2_aug_57,0.1634313691364264,0.8140843958615248,22.96412341923191,21.759067664744574,OK
temp_2025-3-13-19-1-38_21.4_32.5_11.1__1_aug_10,0.45130407909426284,0.6693573391684464,25.579096089109804,22.528193843028316,OK
T1.4V_2025-08-14-16-16-15_21_26_5__1_aug_81,0.2545600051379309,0.23404322023420118,23.019214392823383,21.301724179054105,OK
T2.2V_2025-08-13-17-46-38_21_34_13__2_aug_82,0.29159938150719633,0.850788189097948,23.852438905268848,21.65067266783379,OK
temp_2025-3-13-20-7-13_21.4_27.5_6.1__1_aug_26,0.32204898969479184,1.0684172062144033,24.499121895354264,22.440223292034812,OK
T2.2V_2025-08-13-17-56-09_21_30_9__1_aug_59,0.3624133880428681,0.3377026290612112,23.696056964389122,21.304049303103312,OK
T3.0V_2025-08-13-14-43-44_21_30_9__1_aug_78,0.24996102293477518,1.0799845583400978,23.955071390255544,22.218818135761367,OK
T2.4V_2025-08-15-16-44-14_21_32_11__2_aug_90,0.24258808307809604,1.1154350464749314,23.472209107465126,21.957197768146923,OK
T2.8V_2025-08-13-15-53-27_21_26_5__1_aug_1,0.28180122497489424,0.0903936388257929,23.717566583872394,21.733622511945736,OK
T1.8V_2025-08-14-14-37-20_21_26_5__1_aug_43,0.26274776932878996,0.5405947258294136,23.745105317047127,22.200622001891492,OK
T2.4V_2025-08-15-16-44-14_21_32_11__1_aug_79,0.3492944773807953,0.2583851684256982,23.62189433487816,21.570538938078172,OK
T3.0V_2025-08-13-14-43-44_21_30_9__2_aug_62,0.4174785643219954,0.7543942863439863,24.20289674965696,21.95356766664683,OK
T3.0V_2025-08-13-14-33-33_21_34_13__2_aug_50,0.28986112110892015,1.346527267144721,24.475061156804294,22.731170739732327,OK
temp_2025-3-13-18-55-50_21.4_35_13.6__1_aug_68,0.48918114013743424,0.718292557560017,25.572660853547763,22.590224866593935,OK
T1.6V_2025-08-14-15-06-52_21_30_9__2_aug_83,0.1561354054013452,0.11139326625233374,23.72730747279852,22.45878194457508,OK
T1.8V_2025-08-15-18-08-25_21_28_7__1_aug_55,0.2891522462151682,0.1377379542544023,23.160924872316535,21.27132386197491,OK
T1.8V_2025-08-15-18-08-25_21_28_7__2_aug_8,0.17387630513894922,0.6670773155031668,23.120285349613926,21.703889597593538,OK
T2.0V_2025-08-14-13-06-37_21_26_5__1_aug_18,0.22102573870403922,0.5988263555123593,23.838245475401788,22.413049394061364,OK
temp_2025-3-13-18-55-50_21.4_35_13.6__1_aug_21,0.4897192486267255,0.7208671391031427,25.60568771043831,22.597584187715697,OK
temp_2025-3-13-18-55-50_21.4_35_13.6__1_aug_98,0.48929867331189,0.7149044342053735,25.55638403042201,22.54561070860368,OK
temp_2025-3-13-19-29-6_21.4_26_4.6__1_aug_95,0.2778162181437965,0.8132630344880349,24.368448024910258,22.410826408738263,OK
T1.6V_2025-08-14-14-56-37_21_34_13__1_aug_58,0.3051749730812497,0.18882109678719483,23.9237666265968,22.018704478897526,OK
T2.2V_2025-08-13-17-46-38_21_34_13__2_aug_56,0.2916106852274773,0.8527632106554912,23.872970220631924,21.64661333324252,OK
T2.8V_2025-08-13-15-33-59_21_30_9__1_aug_4,0.34478906920364777,0.3909013703157982,24.589162907003523,22.2247020029651,OK
T1.4V_2025-08-15-18-45-57_21_32_11__2_aug_44,0.115342616320898,0.9388173208271982,23.139151991010518,22.136144494511473,OK
T3.0V_2025-08-13-14-33-33_21_34_13__2_aug_44,0.2895721560443465,1.34544059573064,24.43472286788637,22.691366017603638,OK
T2.6V_2025-08-13-16-07-01_21_34_13__2_aug_49,0.29066263520105123,0.834022880328844,24.047260606325032,21.970252833176588,OK
temp_2025-3-13-18-55-50_21.4_35_13.6__1_aug_11,0.4893908909715574,0.7201872626100805,25.576870596350446,22.610621355975248,OK
T1.6V_2025-08-14-15-06-52_21_30_9__1_aug_6,0.3044070660329831,0.20361669666098156,23.87681923378147,21.972262794963658,OK
T3.0V_2025-08-15-15-02-07_21_32_11__2_aug_63,0.17107443884410048,1.0050752287831715,23.948057793366768,22.6632869701277,OK
T2.8V_2025-08-15-15-55-56_21_32_11__1_aug_49,0.36636132348664613,0.3080787952472693,23.687695997327964,21.61023028427633,OK
temp_2025-3-13-20-7-13_21.4_27.5_6.1__1_aug_7,0.3220143178448343,1.064486723241395,24.557058566659247,22.442951200133145,OK
T2.4V_2025-08-13-17-33-28_21_26_5__1_aug_2,0.3126358900332031,0.24963955728464074,23.361425000204097,21.16593623480232,OK
T2.6V_2025-08-13-16-24-51_21_30_9__1_aug_12,0.36386770265549,0.39997315386595206,23.763065410808466,21.409579061522567,OK
temp_2025-3-13-18-55-50_21.4_35_13.6__1_aug_85,0.4895883532787071,0.7251286647640338,25.542860341927266,22.602582032671464,OK
T2.2V_2025-08-15-17-19-03_21_28_7__2_aug_17,0.19270862304688685,0.673334359015794,23.273512852391484,21.88033990460095,OK
T2.0V_2025-08-14-13-06-37_21_26_5__1_aug_16,0.22058536811466958,0.6119516618596723,23.815359061842173,22.3679155422224,OK
T2.8V_2025-08-13-15-53-27_21_26_5__2_aug_22,0.20442615839463493,0.8231136217472032,23.69844667516978,22.15872802456713,OK
T1.6V_2025-08-14-14-56-37_21_34_13__1_aug_45,0.3053896961945616,0.1913525761240374,23.947601358136755,22.025704855772027,OK
T2.6V_2025-08-13-16-24-51_21_30_9__2_aug_50,0.26527095563300235,0.8583955889020556,23.78081975813992,21.73947221984794,OK
T2.6V_2025-08-15-16-20-18_21_32_13__2_aug_51,0.25498008938126976,0.8923949580599491,23.367841992109277,21.82740917289715,OK
temp_2025-3-13-18-17-30_21.4_26_4.6__1_aug_58,0.23642472422213734,1.22179427784443,24.137805543511437,22.442529463713516,OK
T2.8V_2025-08-15-15-55-56_21_32_11__2_aug_94,0.2447492664965381,0.7117401897912051,23.533215071406786,22.00735503343696,OK
T3.0V_2025-08-13-14-43-44_21_30_9__1_aug_25,0.2504029294484226,1.0697554788518047,23.991041196398058,22.269575446103527,OK
temp_2025-3-13-19-29-6_21.4_26_4.6__1_aug_16,0.2778179971135904,0.8121459808579458,24.365434714669412,22.44959382714928,OK
T2.2V_2025-08-15-17-19-03_21_28_7__1_aug_65,0.29229841257836625,0.9625350698355821,23.343195485704356,21.494157825086877,OK
temp_2025-3-13-18-55-50_21.4_35_13.6__1_aug_22,0.4893188455596265,0.7199691994291182,25.52551808724781,22.553472565441,OK
temp_2025-3-13-17-45-32_21.4_35_13.6__1_aug_30,0.3749782070228518,0.7542275005347967,25.123649249340506,22.49494311073999,OK
temp_2025-3-13-19-45-15_21.4_35_13.6__1_aug_13,0.46533201363517,0.6465156415814315,25.536639574733233,22.462407813682432,OK
T2.6V_2025-08-13-16-24-51_21_30_9__2_aug_38,0.26568010174836676,0.8662558070161026,23.716768599600602,21.768658285751396,OK
T1.8V_2025-08-15-18-08-25_21_28_7__2_aug_54,0.17354034513450264,0.6689988238543146,23.07752746151921,21.749428683600335,OK
temp_2025-3-13-20-7-13_21.4_27.5_6.1__1_aug_90,0.3218907916504606,1.0588633167996884,24.511724397307123,22.399030742992114,OK
temp_2025-3-13-17-50-56_21.4_32.5_11.1__1_aug_53,0.35168962449177055,0.7086834070816436,24.898219007253658,22.441503964527488,OK
temp_2025-3-13-20-7-13_21.4_27.5_6.1__1_aug_95,0.32203644710221024,1.0652036928282156,24.52118694223124,22.455663737471905,OK
T2.8V_2025-08-13-15-53-27_21_26_5__2_aug_33,0.20448833394993016,0.810824054131241,23.70365226396449,22.11984402205614,OK
temp_2025-3-13-19-29-6_21.4_26_4.6__1_aug_31,0.2778074824829219,0.8109112241799842,24.41982316562823,22.354268495187377,OK
T1.8V_2025-08-15-18-08-25_21_28_7__1_aug_8,0.2897783196141155,0.13755710017027553,23.1627999920982,21.35970659200139,OK
T2.6V_2025-08-13-16-24-51_21_30_9__2_aug_76,0.2653513285600796,0.8616211521096769,23.794038877376128,21.72650917771199,OK
T1.8V_2025-08-14-14-37-20_21_26_5__2_aug_76,0.15853914266678748,0.9875015663042912,23.740158174594146,22.58345850809426,OK
T2.4V_2025-08-15-16-44-14_21_32_11__2_aug_97,0.24277703306262283,1.103897520975141,23.47564768939114,21.924046958562048,OK
T2.8V_2025-08-15-15-55-56_21_32_11__2_aug_36,0.24425775011737472,0.7078401256392816,23.55540068342928,21.984326140817355,OK
T2.6V_2025-08-13-16-24-51_21_30_9__1_aug_47,0.3633992001343372,0.4021866664675489,23.75822491563113,21.396698121819814,OK
temp_2025-3-13-18-17-30_21.4_26_4.6__1_aug_86,0.23625137403434393,1.1952995170359668,24.153475146429827,22.444350040546247,OK
T1.8V_2025-08-14-14-37-20_21_26_5__1_aug_64,0.2626610905154449,0.5483354785651837,23.819913076325708,22.181860790760638,OK
T1.4V_2025-08-14-15-57-24_21_30_9__2_aug_82,0.15022834955610967,0.8536717797254773,23.379375910252893,22.266440718283892,OK
temp_2025-3-13-17-22-28_21.4_26_4.6__1_aug_34,0.21420450555261383,1.207089906242317,24.142598024079714,22.451186111508576,OK
temp_2025-3-13-19-1-38_21.4_32.5_11.1__1_aug_68,0.45136087651612716,0.6783046052850035,25.489973135813607,22.53257470427602,OK
T2.0V_2025-08-14-12-38-07_21_34_13__2_aug_13,0.16640416650668385,1.127794966610131,24.276655575776484,22.949703600564735,OK
T2.2V_2025-08-13-17-56-09_21_30_9__2_aug_50,0.2599465626682834,0.7768127105229032,23.641914266905545,21.69032889310458,OK
T1.8V_2025-08-14-14-37-20_21_26_5__2_aug_6,0.1584540081683323,0.9768756080966546,23.7500472778737,22.53663765270587,OK
T3.0V_2025-08-13-14-43-44_21_30_9__1_aug_57,0.2512258063005389,1.077390638863211,24.021799633808556,22.25719403751345,OK
temp_2025-3-13-19-1-38_21.4_32.5_11.1__1_aug_31,0.4510746745503377,0.674611536606387,25.492404270717238,22.52797862676724,OK
T1.4V_2025-08-15-18-45-57_21_32_11__1_aug_92,0.266097097717027,0.34010154837024187,23.431027220561784,21.74500979104188,OK
T2.2V_2025-08-15-17-19-03_21_28_7__2_aug_90,0.19262216152762887,0.6749117492467683,23.20145007118769,21.871995978882982,OK
T2.4V_2025-08-13-17-33-28_21_26_5__1_aug_37,0.3122018445796258,0.24768875563218765,23.328436655795027,21.185971530675655,OK
T2.4V_2025-08-15-16-44-14_21_32_11__2_aug_66,0.24303188059255867,1.1159527006445271,23.436929135234184,21.891471570674092,OK
T1.8V_2025-08-15-18-08-25_21_28_7__2_aug_51,0.17342007822743452,0.6698595918896636,23.0720192201653,21.672300772099362,OK
T3.0V_2025-08-15-15-02-07_21_32_11__1_aug_65,0.2448849105532364,0.14368434443910907,23.933381626155306,22.35532506314233,OK
temp_2025-3-13-18-55-50_21.4_35_13.6__1_aug_31,0.4888687060699742,0.7193167966043057,25.59798973392169,22.615874480028268,OK
T2.0V_2025-08-14-13-06-37_21_26_5__1_aug_33,0.2209864360375817,0.6127043901694367,23.799641030128782,22.411948839890822,OK
T1.4V_2025-08-14-15-57-24_21_30_9__2_aug_94,0.1498926789585071,0.8637784430999148,23.420312591825347,22.257288968381896,OK
T1.4V_2025-08-15-18-45-57_21_32_11__1_aug_70,0.26610096394390836,0.3422889173117782,23.43294678415362,21.74459108152332,OK
T2.2V_2025-08-13-17-46-38_21_34_13__1_aug_90,0.3857495144042804,0.3446928238940104,23.833823546244396,21.323673035040805,OK
temp_2025-3-13-20-15-58_21.4_26_4.6__1_aug_76,0.27541323063511325,1.3535282811305558,24.30258689315029,22.42777849927502,OK
T1.6V_2025-08-14-15-06-52_21_30_9__1_aug_1,0.30457455627435215,0.20334894209907545,23.813110677058365,21.93015245399779,OK
T2.2V_2025-08-15-17-19-03_21_28_7__1_aug_60,0.2927010353579704,0.9562245403054781,23.29354896891948,21.504266450071892,OK
T3.0V_2025-08-13-14-43-44_21_30_9__1_aug_58,0.2505376323930477,1.0574182760349504,23.89130764531937,22.267364320405314,OK
T2.4V_2025-08-15-16-44-14_21_32_11__2_aug_20,0.24295515218208266,1.116079432040942,23.494667141281557,21.923818570630473,OK
temp_2025-3-13-17-22-28_21.4_26_4.6__1_aug_41,0.21446273495545237,1.2149055864911764,24.122379997730597,22.43607879883484,OK
T1.8V_2025-08-15-18-08-25_21_28_7__2_aug_2,0.17360840534101638,0.6645650243143258,23.079672746633925,21.732279692308644,OK
T1.6V_2025-08-14-14-56-37_21_34_13__2_aug_94,0.16088245771913698,0.3921976553503884,23.85825690125192,22.57317882532743,OK
temp_2025-3-13-19-29-6_21.4_26_4.6__1_aug_61,0.27796613339275617,0.8072696469173413,24.51262676357238,22.42010725919519,OK
T1.4V_2025-08-14-15-57-24_21_30_9__1_aug_9,0.28223657527094215,0.23049761485862938,23.542358654002797,21.77039229189038,OK
T1.6V_2025-08-14-14-56-37_21_34_13__2_aug_30,0.1614597178323108,0.38540341105624726,23.742974827594413,22.508528663958995,OK
temp_2025-3-13-18-17-30_21.4_26_4.6__1_aug_38,0.23594959666350865,1.2226938841315542,24.09383407265837,22.41764997654173,OK
T2.2V_2025-08-15-17-19-03_21_28_7__2_aug_38,0.19244537583745136,0.670842444543539,23.23826369559749,21.813160608446786,OK
temp_2025-3-13-18-45-14_21.4_35_13.6__1_aug_4,0.4179517521029846,0.6617589036859048,25.370636156759893,22.364965158469044,OK
T2.6V_2025-08-13-16-24-51_21_30_9__2_aug_47,0.26577880441901863,0.8606456203630017,23.814840742883053,21.745315590441628,OK
T2.2V_2025-08-13-17-46-38_21_34_13__1_aug_20,0.38630160042294176,0.34185792066775955,23.905277408967095,21.315122362068717,OK
T1.8V_2025-08-15-18-08-25_21_28_7__1_aug_22,0.2887665120317548,0.13638410753924346,23.150120627174466,21.29754910075476,OK
T1.6V_2025-08-15-18-32-56_21_28_7__1_aug_12,0.2638655887943542,0.18874045427361474,23.59777875624035,21.905292318426067,OK
T1.4V_2025-08-15-18-45-57_21_32_11__1_aug_33,0.26627564864929076,0.3439802128680482,23.40024180241599,21.70137012770304,OK
T1.4V_2025-08-14-16-16-15_21_26_5__1_aug_89,0.2550064840853389,0.23696596555455124,23.064978654367017,21.275334333066596,OK
T1.8V_2025-08-15-18-08-25_21_28_7__2_aug_67,0.17351463962872737,0.6677127676251123,23.09277382138011,21.721857985978602,OK
T1.8V_2025-08-14-14-37-20_21_26_5__1_aug_98,0.2625018127271727,0.5427058822425418,23.77206964043384,22.11812579460562,OK
T1.4V_2025-08-14-15-57-24_21_30_9__1_aug_34,0.2829118771201334,0.2361003792144178,23.623192849614316,21.7131937548023,OK
temp_2025-3-13-19-29-6_21.4_26_4.6__1_aug_27,0.27795797135979083,0.8037432194266029,24.476195384509147,22.420337974693723,OK
temp_2025-3-13-17-57-36_21.4_30_8.6__1_aug_71,0.32706515131919106,0.7400758018309788,24.661336732142342,22.474717222854157,OK
temp_2025-3-13-17-45-32_21.4_35_13.6__1_aug_64,0.3752443856721896,0.7597133769515658,25.141779659685454,22.490762894706418,OK
T3.0V_2025-08-13-14-33-33_21_34_13__2_aug_62,0.28946964585012414,1.336439453222316,24.46482823404848,22.73142881918667,OK
temp_2025-3-13-17-22-28_21.4_26_4.6__1_aug_40,0.2144651129797463,1.2186982126754504,24.103462188636723,22.474273287995572,OK
T2.2V_2025-08-13-17-56-09_21_30_9__1_aug_66,0.362216685448378,0.3347879425937137,23.70780228695259,21.309258998832934,OK
T1.6V_2025-08-15-18-32-56_21_28_7__1_aug_5,0.26340339632111676,0.1742204035313832,23.602668697168887,21.935783784924173,OK
T2.0V_2025-08-14-13-06-37_21_26_5__1_aug_63,0.2207051704814692,0.626016642649683,23.782567962072626,22.357629141994366,OK
temp_2025-3-13-20-15-58_21.4_26_4.6__1_aug_51,0.275440465569513,1.352934418984569,24.332824071121916,22.42022680915946,OK
T1.6V_2025-08-14-14-56-37_21_34_13__2_aug_96,0.16098812627505932,0.3881925975538918,23.77230683662197,22.55899767855805,OK
T3.0V_2025-08-13-14-33-33_21_34_13__1_aug_12,0.4662940493724535,0.1523468016248358,24.844235965865646,22.370886123395785,OK
temp_2025-3-13-17-50-56_21.4_32.5_11.1__1_aug_73,0.3517788844709601,0.7083636393733436,24.849141718601555,22.50713700308632,OK
T3.0V_2025-08-13-14-43-44_21_30_9__2_aug_76,0.41764980818655273,0.7435009104814286,24.242266025382023,21.929326896424282,OK
T1.4V_2025-08-15-18-45-57_21_32_11__1_aug_77,0.2667215986565642,0.33773759009133136,23.421488886115377,21.734199521745698,OK
temp_2025-3-13-17-57-36_21.4_30_8.6__1_aug_22,0.327612257735525,0.739915483254517,24.694598312159478,22.520800816317013,OK
T2.0V_2025-08-14-12-38-07_21_34_13__2_aug_92,0.1668805270785661,1.1221117665116933,24.25235676816329,22.938564795861993,OK
T2.6V_2025-08-13-16-07-01_21_34_13__1_aug_79,0.41687206660415843,0.5019135613235833,24.173253159421538,21.580067457903663,OK
temp_2025-3-13-17-14-30_21.4_27.5_6.1__1_aug_84,0.25432678707680356,1.2284478386108162,24.198363357862075,22.372079377141617,OK
T2.0V_2025-08-14-13-06-37_21_26_5__1_aug_55,0.22146244665714723,0.6084300036469571,23.807340618256827,22.32808131810409,OK
T2.2V_2025-08-13-17-46-38_21_34_13__1_aug_29,0.38606147226112403,0.3450015005253856,23.886239974979024,21.336395033349124,OK
T1.4V_2025-08-15-18-45-57_21_32_11__2_aug_86,0.11557601002974799,0.953557801147457,23.117524252826826,22.142809362999646,OK
T1.4V_2025-08-14-16-16-15_21_26_5__1_aug_38,0.2542896634131608,0.23415631826150918,23.014471873623883,21.279682309531506,OK
T2.0V_2025-08-14-12-48-24_21_30_9__2_aug_27,0.14807135382869924,1.1093084223205758,23.79802070768743,22.679403344876206,OK
T1.8V_2025-08-15-18-08-25_21_28_7__1_aug_78,0.2891710889984263,0.13579602121999945,23.14491896316334,21.36238295360522,OK
T2.6V_2025-08-13-16-24-51_21_30_9__2_aug_34,0.2653981992892505,0.8632041995761711,23.85108669215865,21.75509492902818,OK
T2.8V_2025-08-13-15-33-59_21_30_9__2_aug_66,0.24059513964891707,0.8520273722413708,24.48227839543094,22.585404326919328,OK
T2.4V_2025-08-15-16-44-14_21_32_11__1_aug_95,0.34906371897040567,0.2612477039758818,23.6538674386772,21.572239864885276,OK
T1.6V_2025-08-15-18-32-56_21_28_7__2_aug_65,0.1367681397262234,0.642532382188011,23.40683698286795,22.335199278865876,OK
T2.0V_2025-08-14-12-48-24_21_30_9__2_aug_67,0.14723491311738976,1.1026881951065692,23.844228921385117,22.680751114230976,OK
T1.6V_2025-08-15-18-32-56_21_28_7__2_aug_64,0.1372979493261506,0.6435020799166999,23.501276327210405,22.302819221341064,OK
T3.0V_2025-08-13-14-43-44_21_30_9__1_aug_82,0.2508286114367841,1.082581547590398,23.992528149708328,22.249907546138303,OK
T1.4V_2025-08-14-15-57-24_21_30_9__2_aug_47,0.1498287807011516,0.8626095157278466,23.416616415753023,22.279826664587738,OK
T3.0V_2025-08-13-14-43-44_21_30_9__2_aug_17,0.41734578891773,0.7439210590139791,24.316493553870412,21.94451328862406,OK
T2.0V_2025-08-14-13-06-37_21_26_5__2_aug_48,0.12005186489302769,0.9949492495795788,23.671460121885026,22.6519262764498,OK
T1.4V_2025-08-15-18-45-57_21_32_11__1_aug_97,0.2659066106076306,0.33953990963211517,23.43532523660402,21.663819526920584,OK
T2.0V_2025-08-14-12-38-07_21_34_13__1_aug_95,0.3329571826320702,0.2028532161484779,24.694677552404748,22.73395947452954,OK
temp_2025-3-13-20-7-13_21.4_27.5_6.1__1_aug_30,0.3225479950440506,1.0699884757144105,24.574965282752697,22.480559514465156,OK
T2.4V_2025-08-13-17-33-28_21_26_5__1_aug_96,0.3124588894039622,0.2481534220777216,23.370771103364053,21.204354159902575,OK
T2.6V_2025-08-13-16-24-51_21_30_9__2_aug_4,0.2654722025621089,0.8618761095367302,23.79183811232447,21.68722610063968,OK
T2.8V_2025-08-13-15-53-27_21_26_5__1_aug_73,0.28219856047307396,0.09744815533964286,23.689684079413393,21.724577241742555,OK
T2.8V_2025-08-13-15-53-27_21_26_5__1_aug_43,0.28125921709321894,0.08913809714093746,23.66603159860529,21.73853046597014,OK
T2.2V_2025-08-13-17-46-38_21_34_13__2_aug_96,0.2918282959177623,0.8496417814833818,23.784504025077016,21.660389455418517,OK
T1.8V_2025-08-14-14-37-20_21_26_5__2_aug_71,0.15912770292209227,1.00285687935188,23.764094449040563,22.56442415138137,OK
T2.2V_2025-08-13-17-56-09_21_30_9__2_aug_93,0.25977153235882483,0.778395623579135,23.596754979431402,21.688527903891742,OK
T1.6V_2025-08-15-18-32-56_21_28_7__2_aug_6,0.13673552625850066,0.6467532690386122,23.462503500970563,22.296321183161805,OK
T2.2V_2025-08-15-17-19-03_21_28_7__2_aug_40,0.19267082285259782,0.6740286470357559,23.207488678683333,21.84302734710004,OK
T2.0V_2025-08-14-12-48-24_21_30_9__2_aug_20,0.14719787024931494,1.1133442843395525,23.764012391421225,22.629137990629626,OK
temp_2025-3-13-17-50-56_21.4_32.5_11.1__1_aug_67,0.3519791926274302,0.7118105133786228,24.855368444086185,22.47010046680241,OK
T2.8V_2025-08-13-15-53-27_21_26_5__1_aug_76,0.2822752562590802,0.09144759107929948,23.6821940619165,21.769379130868952,OK
T2.0V_2025-08-14-12-48-24_21_30_9__2_aug_3,0.14767779333693098,1.1095220750301893,23.770114017677745,22.64803505494162,OK
T2.8V_2025-08-13-15-33-59_21_30_9__2_aug_61,0.24114612653841888,0.8531744906080665,24.525928598023384,22.63608658041394,OK
temp_2025-3-13-19-45-15_21.4_35_13.6__1_aug_48,0.46537507919147525,0.6520607972254683,25.580576604464305,22.427419465803474,OK
T2.6V_2025-08-13-16-24-51_21_30_9__1_aug_61,0.36362022226174373,0.3994054957766852,23.762838758469904,21.41521340505485,OK
T1.6V_2025-08-14-14-56-37_21_34_13__1_aug_98,0.3058061898050829,0.18739177318776146,23.955827129272702,21.99236293782849,OK
temp_2025-3-13-18-55-50_21.4_35_13.6__1_aug_32,0.4893242942417011,0.7226820642674883,25.606446468829088,22.609944023401557,OK
T2.2V_2025-08-13-17-46-38_21_34_13__1_aug_51,0.3853884550859394,0.3436531990686747,23.86082038045552,21.269671042314037,OK
T1.8V_2025-08-14-14-37-20_21_26_5__1_aug_22,0.26230520245524025,0.5442504045332756,23.777549024380004,22.166566073520865,OK
T1.4V_2025-08-14-16-16-15_21_26_5__2_aug_58,0.16368173266994956,0.8219947084362466,22.990068864112743,21.769509685875388,OK
T2.8V_2025-08-13-15-33-59_21_30_9__1_aug_59,0.3441175060941336,0.40023930238637645,24.63210663457261,22.27328285877406,OK
T2.0V_2025-08-14-12-38-07_21_34_13__1_aug_78,0.33281802671488164,0.22163441642221032,24.70568135635218,22.704764041140383,OK
T2.0V_2025-08-14-12-38-07_21_34_13__1_aug_92,0.333333872498455,0.20542531489895352,24.64150554542466,22.718018655724382,OK
T1.6V_2025-08-14-14-56-37_21_34_13__2_aug_45,0.16161429419799167,0.3901397580636194,23.751475704956533,22.52951316615369,OK
T2.4V_2025-08-15-16-44-14_21_32_11__1_aug_19,0.34919783742727,0.26661654764858783,23.646270690877806,21.569946049016096,OK
temp_2025-3-13-19-1-38_21.4_32.5_11.1__1_aug_57,0.45109510639109895,0.6733993147528101,25.465840772392973,22.49946802160037,OK
T2.0V_2025-08-14-12-38-07_21_34_13__1_aug_32,0.3329615326196396,0.20682135078400046,24.667228564737577,22.662783338819164,OK
temp_2025-3-13-20-7-13_21.4_27.5_6.1__1_aug_64,0.32186710571667876,1.0677559209986607,24.52074412923046,22.432249209906786,OK
T2.6V_2025-08-13-16-24-51_21_30_9__2_aug_17,0.2653247558853061,0.8646773328878096,23.844312902879825,21.744972671627913,OK
temp_2025-3-13-20-7-13_21.4_27.5_6.1__1_aug_35,0.32167888471667383,1.066344158830119,24.523554723993517,22.445518402032288,OK
T2.0V_2025-08-14-12-48-24_21_30_9__1_aug_65,0.2871698686592142,0.16222986971771786,24.17928788793619,22.445572731804706,OK
T2.8V_2025-08-15-15-55-56_21_32_11__1_aug_17,0.3653192060713198,0.30002830745510467,23.656852020229266,21.587619375853926,OK
T2.4V_2025-08-13-17-33-28_21_26_5__2_aug_96,0.23082042583407072,0.089815572114985,23.456785232661687,21.809240575597897,OK
temp_2025-3-13-17-45-32_21.4_35_13.6__1_aug_71,0.37475580391522834,0.7551338269437905,25.217945398657175,22.46434808154172,OK
T2.6V_2025-08-13-16-24-51_21_30_9__1_aug_98,0.3638715296083947,0.3955535411583131,23.725206668201455,21.418345031700927,OK
T2.0V_2025-08-14-13-06-37_21_26_5__1_aug_13,0.2212472064121971,0.6208576925156992,23.760048829341798,22.379916198465136,OK
T1.4V_2025-08-14-16-16-15_21_26_5__1_aug_80,0.2546407033111128,0.23451206032181834,23.012708384130104,21.289941013318224,OK
T1.4V_2025-08-14-16-16-15_21_26_5__2_aug_68,0.1635626394768223,0.8138011014265397,22.980905723197065,21.822201253692707,OK
temp_2025-3-13-16-58-29_21.4_32.5_11.1__1_aug_58,0.3158824045927497,0.7982744225731652,24.6443342441106,22.45092497795437,OK
T2.0V_2025-08-14-12-38-07_21_34_13__2_aug_55,0.16671410624453173,1.1249590729854444,24.274088324742117,22.939899764601748,OK
T2.2V_2025-08-15-17-19-03_21_28_7__2_aug_11,0.19264611003486962,0.6755542221733071,23.221372863996567,21.825860836363105,OK
T3.0V_2025-08-13-14-33-33_21_34_13__1_aug_39,0.46612962032426786,0.14982454721763364,24.87417355256493,22.373696056377554,OK
T2.0V_2025-08-14-12-38-07_21_34_13__1_aug_99,0.33261109836208824,0.20389428075312868,24.744583378311674,22.68453963445085,OK
temp_2025-3-13-18-17-30_21.4_26_4.6__1_aug_48,0.2362866202277303,1.235457160575879,24.136372474267002,22.436706395041305,OK
T1.4V_2025-08-15-18-45-57_21_32_11__2_aug_12,0.11542959686217183,0.9447653969942745,23.120720825722167,22.143962447074916,OK
T1.4V_2025-08-15-18-45-57_21_32_11__1_aug_69,0.26596141682989805,0.34561489310671034,23.46643674551612,21.689302611472925,OK
temp_2025-3-13-17-50-56_21.4_32.5_11.1__1_aug_90,0.35246858984577917,0.7079936515278994,24.90661916868455,22.49642726411414,OK
T3.0V_2025-08-15-15-02-07_21_32_11__2_aug_73,0.17177420134337182,0.9967800080681893,23.97712549025884,22.660369756496856,OK
T2.2V_2025-08-13-17-46-38_21_34_13__2_aug_93,0.29154335739597587,0.8491056554212589,23.817556907349104,21.66668671139316,OK
T1.6V_2025-08-14-15-06-52_21_30_9__1_aug_12,0.3044665985193871,0.2079433638171801,23.8022328835215,21.93916083178366,OK
T2.4V_2025-08-15-16-44-14_21_32_11__1_aug_76,0.34991552539078186,0.25716554232740935,23.63093635693555,21.528660113005618,OK
T2.0V_2025-08-14-12-38-07_21_34_13__2_aug_43,0.16662809529586273,1.1324337954734887,24.27711291759873,22.968616711332597,OK
T2.0V_2025-08-14-12-38-07_21_34_13__2_aug_98,0.16669486218798646,1.1223240140159996,24.328060739925668,22.932404990638688,OK
temp_2025-3-13-18-55-50_21.4_35_13.6__1_aug_5,0.48934792600162913,0.7202387080746981,25.548881334856688,22.55109625794485,OK
T1.4V_2025-08-14-16-16-15_21_26_5__1_aug_51,0.25490438391116527,0.23751263522184088,23.042463177128127,21.26724005980014,OK
T2.8V_2025-08-13-15-33-59_21_30_9__1_aug_29,0.3441630062170461,0.3934307726363616,24.593859504418987,22.23457349247165,OK
T2.6V_2025-08-13-16-24-51_21_30_9__1_aug_53,0.3633487890437588,0.39898383243371677,23.750289315183284,21.35763417288102,OK
T3.0V_2025-08-13-14-33-33_21_34_13__1_aug_14,0.46666936971684536,0.14489541486242202,24.88178571373678,22.373266261885256,OK
T2.8V_2025-08-13-15-33-59_21_30_9__1_aug_81,0.34442072789773254,0.39197339084917565,24.581945257423236,22.2485445085021,OK
temp_2025-3-13-17-50-56_21.4_32.5_11.1__1_aug_64,0.3516695197778122,0.7025847891298492,24.967958396869303,22.528719392898786,OK
T1.8V_2025-08-14-14-37-20_21_26_5__2_aug_86,0.15860560245512864,0.9948260867357275,23.762548690357896,22.60107305338642,OK
T1.6V_2025-08-15-18-32-56_21_28_7__1_aug_82,0.2638959774257302,0.17040033991838754,23.602908372363768,21.89691895846938,OK
T1.4V_2025-08-14-15-57-24_21_30_9__2_aug_9,0.15069983956660454,0.8638087208650693,23.386599063622544,22.223748672834606,OK
T1.8V_2025-08-14-14-37-20_21_26_5__2_aug_72,0.15864540374435937,0.9656411168243322,23.723763184619912,22.601961071153216,OK
T2.0V_2025-08-14-12-48-24_21_30_9__2_aug_52,0.14734991901125424,1.0979479445917655,23.771705483198325,22.64794033780246,OK
T3.0V_2025-08-13-14-33-33_21_34_13__2_aug_53,0.2892896655213621,1.3363815839089925,24.462468636239873,22.696582187112664,OK
T2.0V_2025-08-14-13-06-37_21_26_5__1_aug_73,0.22102249103949795,0.6021247494270645,23.783198937756094,22.372020614863487,OK
T1.8V_2025-08-14-14-37-20_21_26_5__2_aug_36,0.15892799481246228,1.0006601055422815,23.791110346010907,22.568868592162296,OK
